Time,Lon,Lat,Temp,Humidity
9:31:21,-72.91973,41.31776, 25.14,68.67000
9:31:28,-72.91979,41.31771, 25.30,68.64000
9:31:30,-72.91979,41.31771, 25.25,68.54000
9:31:31,-72.91979,41.31771, 25.18,68.31000
9:31:32,-72.91979,41.31771, 25.14,68.22000
9:31:33,-72.91979,41.3177, 25.16,68.29000
9:31:34,-72.91979,41.3177, 25.11,68.31000
9:31:35,-72.91979,41.3177, 25.09,68.31000
9:31:36,-72.91979,41.3177, 25.09,68.40000
9:31:37,-72.91979,41.3177, 25.11,68.43000
9:31:38,-72.91979,41.3177, 25.12,68.48000
9:31:39,-72.91979,41.3177, 25.12,68.53000
9:31:40,-72.91979,41.3177, 25.19,68.54000
9:31:41,-72.91979,41.3177, 25.22,68.55000
9:31:42,-72.91977,41.31769, 25.24,68.48000
9:31:43,-72.91977,41.31769, 25.24,68.49000
9:31:44,-72.91977,41.31769, 25.25,68.51000
9:31:45,-72.91977,41.31769, 25.26,68.51000
9:31:46,-72.91977,41.31769, 25.29,68.41000
9:31:47,-72.91973,41.31769, 25.32,68.37000
9:31:48,-72.91973,41.31769, 25.32,68.31000
9:31:49,-72.91973,41.31769, 25.33,68.27000
9:31:50,-72.91973,41.31769, 25.30,68.20000
9:31:51,-72.91973,41.31769, 25.33,68.19000
9:31:52,-72.91973,41.31769, 25.33,68.12000
9:31:53,-72.91973,41.31769, 25.36,68.13000
9:31:54,-72.91973,41.31769, 25.40,68.13000
9:31:55,-72.91973,41.31769, 25.40,68.11000
9:31:56,-72.91973,41.31769, 25.42,68.08000
9:31:57,-72.91973,41.31769, 25.43,68.04000
9:31:58,-72.91973,41.31768, 25.45,68.06000
9:31:59,-72.91973,41.31768, 25.47,68.11000
9:32:00,-72.91973,41.31768, 25.42,68.18000
9:32:01,-72.91973,41.31768, 25.43,68.18000
9:32:02,-72.91973,41.31768, 25.43,68.24000
9:32:03,-72.91973,41.31768, 25.43,68.32000
9:32:04,-72.91971,41.31768, 25.42,68.38000
9:32:05,-72.91971,41.31768, 25.45,68.34000
9:32:06,-72.9197,41.31767, 25.42,68.32000
9:32:07,-72.9197,41.31767, 25.45,68.29000
9:32:08,-72.9197,41.31767, 25.46,68.34000
9:32:09,-72.91971,41.31769, 25.46,68.31000
9:32:10,-72.91971,41.31771, 25.42,68.22000
9:32:11,-72.91973,41.31771, 25.37,68.11000
9:32:12,-72.91974,41.31771, 25.32,68.03000
9:32:13,-72.91978,41.31773, 25.21,67.97000
9:32:14,-72.91982,41.31774, 25.14,67.92000
9:32:15,-72.91985,41.31773, 25.06,67.99000
9:32:16,-72.91988,41.31772, 24.98,68.11000
9:32:17,-72.91991,41.31769, 24.97,68.27000
9:32:18,-72.91993,41.31766, 24.91,68.48000
9:32:19,-72.91995,41.31762, 24.81,68.68000
9:32:22,-72.92,41.31751, 24.73,68.84000
9:32:23,-72.92003,41.31748, 24.68,69.22000
9:32:25,-72.92007,41.31739, 24.63,69.40000
9:32:26,-72.92009,41.31735, 24.53,69.67000
9:32:27,-72.92011,41.31731, 24.47,69.79000
9:32:29,-72.92016,41.31723, 24.50,69.98000
9:32:30,-72.92017,41.31719, 24.46,70.22000
9:32:33,-72.92024,41.31705, 24.26,70.49000
9:32:34,-72.92025,41.31701, 24.23,70.77000
9:32:36,-72.92028,41.31692, 24.16,71.01000
9:32:39,-72.92035,41.31678, 24.13,71.14000
9:32:40,-72.92037,41.31674, 24.02,72.21000
9:32:41,-72.9204,41.31669, 23.92,72.44000
9:32:42,-72.92042,41.31664, 23.88,72.55000
9:32:43,-72.92045,41.3166, 23.84,72.72000
9:32:45,-72.92051,41.3165, 23.76,72.85000
9:32:47,-72.92056,41.3164, 23.78,72.98000
9:32:48,-72.92057,41.31635, 23.84,73.61000
9:32:49,-72.92059,41.3163, 23.88,73.65000
9:32:50,-72.9206,41.31625, 23.91,73.64000
9:32:52,-72.92065,41.31616, 23.95,73.67000
9:32:53,-72.92068,41.31611, 23.97,73.57000
9:32:55,-72.92071,41.31602, 23.99,73.32000
9:32:57,-72.92075,41.31591, 24.00,73.14000
9:32:58,-72.92077,41.31587, 24.00,73.03000
9:33:00,-72.92082,41.31578, 23.97,73.06000
9:33:01,-72.92083,41.31574, 23.88,72.89000
9:33:03,-72.92087,41.31566, 23.85,72.87000
9:33:05,-72.92091,41.3156, 23.82,72.88000
9:33:06,-72.92093,41.31557, 23.81,72.97000
9:33:09,-72.921,41.3155, 23.84,72.99000
9:33:10,-72.921,41.31547, 23.84,72.94000
9:33:11,-72.921,41.31544, 23.82,72.89000
9:33:12,-72.92099,41.3154, 23.82,72.90000
9:33:13,-72.921,41.31537, 23.82,72.91000
9:33:14,-72.921,41.31535, 23.86,72.97000
9:33:16,-72.92106,41.31528, 23.84,72.98000
9:33:17,-72.92107,41.31525, 23.82,72.94000
9:33:18,-72.92109,41.31521, 23.82,72.93000
9:33:19,-72.9211,41.31518, 23.76,72.95000
9:33:21,-72.92112,41.3151, 23.72,72.93000
9:33:22,-72.92113,41.31505, 23.65,72.97000
9:33:23,-72.92115,41.31501, 23.66,73.07000
9:33:26,-72.92119,41.31489, 23.62,73.15000
9:33:27,-72.92121,41.31484, 23.65,73.41000
9:33:28,-72.92124,41.31479, 23.66,73.59000
9:33:29,-72.92126,41.31474, 23.66,73.68000
9:33:30,-72.92129,41.31469, 23.69,73.75000
9:33:31,-72.92131,41.31464, 23.68,73.82000
9:33:33,-72.92136,41.31453, 23.66,73.91000
9:33:34,-72.92137,41.31449, 23.66,73.95000
9:33:35,-72.92133,41.31442, 23.65,73.97000
9:33:37,-72.92138,41.31431, 23.65,74.04000
9:33:39,-72.92142,41.31419, 23.65,74.14000
9:33:40,-72.92147,41.31413, 23.65,74.29000
9:33:41,-72.9215,41.31408, 23.68,74.30000
9:33:42,-72.92153,41.31405, 23.66,74.32000
9:33:44,-72.92153,41.31405, 23.65,74.30000
9:33:45,-72.92164,41.31388, 23.62,74.29000
9:33:46,-72.92168,41.31383, 23.59,74.28000
9:33:47,-72.92172,41.31378, 23.62,74.42000
9:33:49,-72.92175,41.31374, 23.62,74.76000
9:33:50,-72.92178,41.3137, 23.68,75.01000
9:33:51,-72.92182,41.31365, 23.71,75.22000
9:33:53,-72.92188,41.31357, 23.72,75.08000
9:33:54,-72.92191,41.31354, 23.68,74.67000
9:33:55,-72.92194,41.3135, 23.65,74.56000
9:33:56,-72.92195,41.31348, 23.64,74.43000
9:33:57,-72.92195,41.31348, 23.62,74.38000
9:33:58,-72.92195,41.31348, 23.58,74.34000
9:33:59,-72.92195,41.31348, 23.55,74.35000
9:34:02,-72.92209,41.31331, 23.54,74.41000
9:34:03,-72.92209,41.3133, 23.49,74.45000
9:34:04,-72.92209,41.3133, 23.56,74.62000
9:34:05,-72.92209,41.3133, 23.56,74.69000
9:34:07,-72.92209,41.3133, 23.58,74.69000
9:34:09,-72.92211,41.3133, 23.61,74.63000
9:34:11,-72.92212,41.31329, 23.61,74.52000
9:34:13,-72.92212,41.31329, 23.65,74.51000
9:34:14,-72.92212,41.31329, 23.74,74.59000
9:34:15,-72.92217,41.31329, 23.75,74.61000
9:34:16,-72.92217,41.31329, 23.79,74.62000
9:34:18,-72.92217,41.31329, 23.84,74.58000
9:34:19,-72.92217,41.31329, 23.89,74.43000
9:34:21,-72.92217,41.31329, 23.92,74.37000
9:34:22,-72.92217,41.31329, 23.93,74.18000
9:34:24,-72.92218,41.3133, 23.93,74.14000
9:34:25,-72.92218,41.3133, 23.92,74.09000
9:34:26,-72.9222,41.3133, 23.93,74.12000
9:34:27,-72.9222,41.3133, 23.92,74.12000
9:34:28,-72.9222,41.3133, 23.93,74.16000
9:34:30,-72.92221,41.3133, 23.93,74.17000
9:34:31,-72.92222,41.31329, 23.88,74.18000
9:34:32,-72.92223,41.31329, 23.88,74.13000
9:34:35,-72.92228,41.31323, 23.84,74.08000
9:34:37,-72.92231,41.31318, 23.75,74.09000
9:34:38,-72.92233,41.31315, 23.81,74.10000
9:34:39,-72.92234,41.31311, 23.79,74.07000
9:34:40,-72.92237,41.3131, 23.81,74.01000
9:34:41,-72.9224,41.31307, 23.72,73.95000
9:34:42,-72.92243,41.31303, 23.66,73.88000
9:34:44,-72.92247,41.31298, 23.64,73.95000
9:34:45,-72.9225,41.31294, 23.61,74.15000
9:34:46,-72.92252,41.3129, 23.59,74.17000
9:34:47,-72.92252,41.31285, 23.59,74.13000
9:34:48,-72.92256,41.3128, 23.64,74.13000
9:34:49,-72.92259,41.31276, 23.64,74.16000
9:34:50,-72.92263,41.31272, 23.68,74.22000
9:34:53,-72.92273,41.31261, 23.76,74.26000
9:34:54,-72.92276,41.31256, 23.85,74.11000
9:34:56,-72.92282,41.31247, 23.86,74.04000
9:34:57,-72.92288,41.31239, 24.05,73.73000
9:34:58,-72.92292,41.31235, 24.03,73.53000
9:34:59,-72.92295,41.31231, 24.10,73.34000
9:35:01,-72.923,41.31224, 24.16,73.24000
9:35:02,-72.92303,41.31219, 24.16,73.08000
9:35:04,-72.92308,41.31211, 24.16,72.93000
9:35:05,-72.9231,41.31207, 24.17,72.61000
9:35:06,-72.92313,41.31203, 24.17,72.53000
9:35:08,-72.92317,41.31194, 24.17,72.50000
9:35:09,-72.92319,41.31189, 24.15,72.41000
9:35:11,-72.92325,41.31181, 24.17,72.37000
9:35:14,-72.92337,41.31168, 24.16,72.36000
9:35:16,-72.92339,41.31157, 24.05,72.41000
9:35:17,-72.92342,41.31153, 24.06,72.49000
9:35:18,-72.92345,41.31149, 24.02,72.54000
9:35:20,-72.92351,41.31141, 24.03,72.58000
9:35:21,-72.92353,41.31138, 23.93,72.61000
9:35:22,-72.92356,41.31134, 23.91,72.68000
9:35:23,-72.92359,41.31129, 23.89,72.75000
9:35:24,-72.92362,41.31125, 23.84,72.77000
9:35:25,-72.92365,41.31121, 23.85,72.85000
9:35:26,-72.92367,41.31119, 23.79,72.92000
9:35:27,-72.92369,41.31117, 23.81,73.02000
9:35:28,-72.92371,41.31114, 23.81,73.05000
9:35:30,-72.92373,41.3111, 23.84,73.30000
9:35:32,-72.92375,41.31108, 23.84,73.91000
9:35:34,-72.92375,41.31108, 23.85,74.06000
9:35:35,-72.92376,41.31107, 23.89,74.07000
9:35:36,-72.92376,41.31107, 23.93,74.07000
9:35:37,-72.92376,41.31107, 23.95,74.13000
9:35:38,-72.92376,41.31107, 23.95,74.16000
9:35:39,-72.92376,41.31107, 23.93,74.19000
9:35:40,-72.92376,41.31107, 23.97,74.19000
9:35:42,-72.92376,41.31107, 24.00,74.24000
9:35:43,-72.92376,41.31107, 24.02,74.25000
9:35:44,-72.92376,41.31107, 24.02,74.15000
9:35:45,-72.92383,41.31108, 24.03,74.08000
9:35:46,-72.92384,41.31107, 24.06,74.02000
9:35:47,-72.92384,41.31107, 24.09,73.98000
9:35:48,-72.92384,41.31107, 24.12,73.90000
9:35:49,-72.92385,41.31107, 24.13,73.81000
9:35:50,-72.92385,41.31107, 24.12,73.65000
9:35:52,-72.92386,41.31106, 24.15,73.53000
9:35:53,-72.92388,41.31105, 24.10,73.31000
9:35:55,-72.92391,41.31102, 24.07,73.15000
9:35:56,-72.92391,41.31102, 23.93,72.81000
9:35:57,-72.92393,41.311, 23.92,72.76000
9:35:58,-72.92395,41.31097, 23.89,72.77000
9:35:59,-72.92395,41.31094, 23.88,72.81000
9:36:01,-72.92397,41.31089, 23.85,72.86000
9:36:03,-72.92399,41.31084, 23.79,72.90000
9:36:04,-72.924,41.3108, 23.79,73.08000
9:36:05,-72.92403,41.31077, 23.76,73.13000
9:36:06,-72.92405,41.31073, 23.72,73.16000
9:36:07,-72.92406,41.31069, 23.71,73.19000
9:36:08,-72.92408,41.31066, 23.65,73.23000
9:36:09,-72.92411,41.31062, 23.65,73.34000
9:36:11,-72.92418,41.31057, 23.65,73.43000
9:36:13,-72.92425,41.3105, 23.69,73.62000
9:36:14,-72.92428,41.31048, 23.68,73.67000
9:36:15,-72.92431,41.31044, 23.65,73.65000
9:36:17,-72.92436,41.31035, 23.62,73.58000
9:36:19,-72.92441,41.31027, 23.66,73.69000
9:36:21,-72.92448,41.31018, 23.69,73.86000
9:36:22,-72.92451,41.31014, 23.68,73.86000
9:36:24,-72.92457,41.31009, 23.69,73.80000
9:36:26,-72.92459,41.31004, 23.69,73.73000
9:36:27,-72.92461,41.31, 23.68,73.73000
9:36:29,-72.9247,41.30992, 23.71,73.76000
9:36:30,-72.92473,41.30988, 23.58,73.89000
9:36:31,-72.92475,41.30983, 23.61,74.23000
9:36:32,-72.92478,41.30978, 23.59,74.57000
9:36:33,-72.9248,41.30974, 23.55,74.61000
9:36:34,-72.92485,41.30971, 23.55,74.52000
9:36:35,-72.92489,41.30967, 23.54,74.43000
9:36:36,-72.92491,41.30962, 23.52,74.34000
9:36:37,-72.92493,41.30958, 23.51,74.31000
9:36:38,-72.92496,41.30953, 23.52,74.42000
9:36:39,-72.92499,41.30951, 23.55,74.51000
9:36:41,-72.92505,41.30942, 23.62,74.56000
9:36:42,-72.92507,41.30939, 23.61,74.59000
9:36:43,-72.92511,41.30935, 23.64,74.52000
9:36:45,-72.92516,41.30927, 23.62,74.52000
9:36:46,-72.92517,41.30924, 23.64,74.48000
9:36:47,-72.9252,41.30919, 23.65,74.49000
9:36:50,-72.92527,41.30904, 23.66,74.48000
9:36:52,-72.92534,41.30895, 23.68,74.45000
9:36:54,-72.92541,41.30885, 23.78,74.31000
9:36:55,-72.9254,41.3088, 23.78,74.24000
9:36:57,-72.92547,41.30871, 23.78,74.22000
9:37:00,-72.92557,41.30856, 23.84,74.04000
9:37:01,-72.9256,41.30852, 23.72,74.00000
9:37:02,-72.92563,41.30847, 23.66,74.07000
9:37:03,-72.92567,41.30843, 23.62,74.19000
9:37:04,-72.9257,41.30838, 23.62,74.27000
9:37:05,-72.92573,41.30834, 23.65,74.32000
9:37:06,-72.92576,41.30829, 23.62,74.38000
9:37:07,-72.9258,41.30824, 23.65,74.44000
9:37:08,-72.92583,41.30821, 23.61,74.50000
9:37:10,-72.92589,41.30812, 23.55,74.61000
9:37:12,-72.92595,41.30804, 23.52,74.71000
9:37:14,-72.926,41.30796, 23.46,74.75000
9:37:16,-72.92607,41.30788, 23.37,74.73000
9:37:17,-72.92609,41.30784, 23.31,74.75000
9:37:20,-72.92619,41.30771, 23.31,74.81000
9:37:22,-72.92624,41.30763, 23.31,74.87000
9:37:24,-72.92629,41.30756, 23.31,75.04000
9:37:25,-72.92632,41.30752, 23.34,75.16000
9:37:26,-72.92635,41.30748, 23.33,75.28000
9:37:27,-72.92638,41.30744, 23.30,75.41000
9:37:28,-72.9264,41.30741, 23.33,75.52000
9:37:30,-72.92645,41.30733, 23.27,75.55000
9:37:32,-72.9265,41.30728, 23.30,75.68000
9:37:33,-72.92652,41.30725, 23.40,75.57000
9:37:34,-72.92657,41.3072, 23.42,75.32000
9:37:36,-72.92663,41.30712, 23.38,75.16000
9:37:37,-72.92666,41.30708, 23.38,75.01000
9:37:38,-72.92668,41.30704, 23.62,75.08000
9:37:39,-72.9267,41.307, 23.65,74.96000
9:37:40,-72.92673,41.30696, 23.62,74.73000
9:37:42,-72.92682,41.30689, 23.59,74.48000
9:37:43,-72.92686,41.30685, 23.58,74.29000
9:37:44,-72.9269,41.30681, 23.54,74.23000
9:37:45,-72.92693,41.30678, 23.42,74.17000
9:37:46,-72.92697,41.30674, 23.40,74.12000
9:37:47,-72.92701,41.30672, 23.35,74.16000
9:37:48,-72.92706,41.30671, 23.31,74.18000
9:37:50,-72.92714,41.30673, 23.33,74.28000
9:37:52,-72.92722,41.30677, 23.31,74.44000
9:37:54,-72.92728,41.30681, 23.34,74.88000
9:37:55,-72.92732,41.30681, 23.38,74.93000
9:37:57,-72.92739,41.30684, 23.45,74.96000
9:37:58,-72.92743,41.30687, 23.51,74.87000
9:37:59,-72.92748,41.30689, 23.46,74.76000
9:38:02,-72.92761,41.30694, 23.49,74.69000
9:38:04,-72.92768,41.307, 23.44,74.58000
9:38:05,-72.92772,41.30702, 23.46,74.49000
9:38:06,-72.92776,41.30703, 23.48,74.45000
9:38:07,-72.9278,41.30706, 23.51,74.40000
9:38:08,-72.92785,41.30707, 23.52,74.43000
9:38:09,-72.92789,41.30709, 23.46,74.33000
9:38:12,-72.92802,41.30714, 23.42,74.30000
9:38:13,-72.92805,41.30716, 23.42,74.29000
9:38:15,-72.92815,41.3072, 23.28,74.29000
9:38:17,-72.92824,41.30724, 23.24,74.38000
9:38:18,-72.92829,41.30726, 23.23,74.47000
9:38:20,-72.92836,41.30729, 23.20,74.53000
9:38:23,-72.92845,41.30733, 23.16,74.56000
9:38:24,-72.92847,41.30733, 23.13,74.67000
9:38:26,-72.92847,41.30735, 23.18,74.88000
9:38:27,-72.92847,41.30735, 23.21,74.92000
9:38:28,-72.92847,41.30735, 23.21,74.90000
9:38:29,-72.92847,41.30736, 23.23,74.97000
9:38:31,-72.92846,41.30737, 23.25,74.96000
9:38:32,-72.92846,41.30737, 23.25,74.95000
9:38:34,-72.92845,41.30739, 23.28,74.93000
9:38:36,-72.92845,41.30739, 23.27,74.96000
9:38:38,-72.92847,41.30739, 23.31,74.89000
9:38:39,-72.92848,41.3074, 23.35,74.87000
9:38:40,-72.92848,41.3074, 23.33,74.79000
9:38:41,-72.92848,41.3074, 23.30,74.77000
9:38:42,-72.92848,41.3074, 23.33,74.77000
9:38:43,-72.92848,41.30741, 23.33,74.79000
9:38:44,-72.92848,41.30741, 23.35,74.79000
9:38:45,-72.92848,41.30741, 23.33,74.81000
9:38:46,-72.92848,41.30741, 23.35,74.80000
9:38:47,-72.9285,41.30741, 23.33,74.76000
9:38:49,-72.92854,41.30742, 23.33,74.79000
9:38:50,-72.92857,41.30742, 23.34,74.80000
9:38:51,-72.9286,41.30742, 23.37,74.76000
9:38:52,-72.92863,41.30742, 23.41,74.81000
9:38:55,-72.92871,41.30743, 23.38,74.74000
9:38:56,-72.92875,41.30744, 23.42,74.78000
9:38:57,-72.92877,41.30745, 23.42,74.76000
9:38:58,-72.92879,41.30747, 23.42,74.73000
9:39:00,-72.92887,41.30749, 23.44,74.70000
9:39:02,-72.92893,41.30757, 23.42,74.69000
9:39:03,-72.92895,41.30761, 23.49,74.69000
9:39:04,-72.92899,41.30763, 23.49,74.67000
9:39:05,-72.92903,41.30763, 23.51,74.65000
9:39:06,-72.92908,41.30764, 23.52,74.56000
9:39:07,-72.92912,41.30764, 23.54,74.51000
9:39:08,-72.92916,41.30765, 23.62,74.47000
9:39:10,-72.92923,41.3077, 23.62,74.44000
9:39:12,-72.9293,41.30774, 23.64,74.38000
9:39:13,-72.92935,41.30775, 23.59,74.17000
9:39:14,-72.92942,41.30777, 23.52,74.09000
9:39:15,-72.92946,41.30779, 23.51,74.03000
9:39:17,-72.92956,41.30782, 23.45,73.98000
9:39:18,-72.92961,41.30784, 23.41,74.00000
9:39:19,-72.92967,41.30787, 23.37,74.16000
9:39:20,-72.92972,41.30788, 23.31,74.23000
9:39:21,-72.92978,41.3079, 23.34,74.33000
9:39:22,-72.92983,41.30792, 23.33,74.43000
9:39:23,-72.9299,41.30794, 23.31,74.49000
9:39:25,-72.92999,41.30799, 23.31,74.53000
9:39:26,-72.93003,41.30802, 23.37,74.63000
9:39:28,-72.9301,41.30803, 23.34,74.64000
9:39:30,-72.93012,41.30802, 23.37,74.67000
9:39:31,-72.93012,41.30801, 23.37,74.66000
9:39:32,-72.93012,41.30801, 23.41,74.65000
9:39:33,-72.93012,41.30801, 23.42,74.71000
9:39:36,-72.93013,41.308, 23.44,74.74000
9:39:38,-72.93015,41.308, 23.44,74.77000
9:39:39,-72.93015,41.30799, 23.48,74.79000
9:39:40,-72.93016,41.30798, 23.46,74.81000
9:39:42,-72.93016,41.30798, 23.52,74.81000
9:39:44,-72.93017,41.30797, 23.56,74.76000
9:39:45,-72.93017,41.30797, 23.61,74.74000
9:39:46,-72.93017,41.30797, 23.62,74.56000
9:39:49,-72.93019,41.30798, 23.61,74.50000
9:39:50,-72.93019,41.30798, 23.62,74.38000
9:39:52,-72.9302,41.30799, 23.65,74.30000
9:39:53,-72.9302,41.30799, 23.62,74.17000
9:39:55,-72.93021,41.30799, 23.59,74.07000
9:39:56,-72.93022,41.308, 23.61,74.08000
9:39:58,-72.93023,41.30801, 23.61,74.08000
9:40:00,-72.93027,41.30804, 23.58,74.09000
9:40:02,-72.93034,41.30807, 23.55,74.08000
9:40:03,-72.93037,41.30808, 23.56,74.18000
9:40:04,-72.93041,41.30809, 23.55,74.26000
9:40:06,-72.93047,41.30813, 23.64,74.28000
9:40:09,-72.93058,41.30819, 23.74,74.24000
9:40:10,-72.93062,41.30821, 23.78,74.17000
9:40:11,-72.93067,41.30822, 23.79,73.81000
9:40:13,-72.93074,41.30823, 23.74,73.69000
9:40:14,-72.93079,41.30825, 23.65,73.63000
9:40:16,-72.93087,41.30829, 23.65,73.63000
9:40:18,-72.93095,41.30831, 23.58,73.75000
9:40:19,-72.93098,41.30832, 23.56,73.78000
9:40:20,-72.93103,41.30834, 23.55,73.85000
9:40:21,-72.93109,41.30836, 23.48,73.97000
9:40:22,-72.93114,41.3084, 23.44,74.03000
9:40:24,-72.93121,41.30845, 23.40,74.08000
9:40:26,-72.93128,41.30851, 23.38,74.22000
9:40:27,-72.93133,41.30851, 23.41,74.33000
9:40:28,-72.93138,41.30852, 23.40,74.48000
9:40:29,-72.93143,41.30853, 23.58,74.59000
9:40:30,-72.93148,41.30854, 23.56,74.64000
9:40:33,-72.93158,41.30855, 23.54,74.52000
9:40:34,-72.93164,41.30857, 23.51,74.36000
9:40:35,-72.93169,41.30858, 23.51,74.30000
9:40:36,-72.93173,41.30861, 23.55,74.28000
9:40:38,-72.93178,41.30863, 23.64,74.29000
9:40:39,-72.93182,41.30862, 23.69,74.17000
9:40:40,-72.93187,41.30863, 23.74,74.07000
9:40:41,-72.93193,41.30866, 23.78,74.04000
9:40:43,-72.93207,41.30871, 23.78,73.97000
9:40:44,-72.93211,41.30874, 23.78,73.95000
9:40:46,-72.93221,41.30877, 23.74,73.85000
9:40:48,-72.93233,41.30877, 23.71,73.89000
9:40:49,-72.93241,41.30881, 23.71,73.89000
9:40:50,-72.93248,41.30884, 23.81,73.93000
9:40:52,-72.93265,41.30885, 23.85,73.94000
9:40:53,-72.93273,41.30887, 23.93,73.78000
9:40:54,-72.93279,41.30888, 23.95,73.66000
9:40:55,-72.93284,41.30889, 23.97,73.44000
9:40:56,-72.9329,41.30889, 23.97,73.22000
9:40:59,-72.93309,41.30893, 24.05,73.02000
9:41:01,-72.93322,41.30896, 24.07,72.86000
9:41:02,-72.9333,41.309, 24.07,72.24000
9:41:03,-72.93336,41.30903, 23.93,72.08000
9:41:05,-72.93348,41.30908, 23.85,72.03000
9:41:06,-72.93355,41.30907, 23.78,72.08000
9:41:07,-72.93361,41.30906, 23.66,72.32000
9:41:08,-72.93368,41.30905, 23.62,72.46000
9:41:10,-72.93376,41.30905, 23.58,72.61000
9:41:11,-72.93381,41.30905, 23.59,72.95000
9:41:13,-72.93393,41.30907, 23.61,73.11000
9:41:15,-72.93403,41.30909, 23.65,73.25000
9:41:17,-72.93412,41.30912, 23.74,73.44000
9:41:18,-72.93415,41.30913, 23.64,73.43000
9:41:20,-72.93419,41.30915, 23.64,73.47000
9:41:21,-72.93421,41.30917, 23.59,73.50000
9:41:23,-72.9343,41.3092, 23.51,73.56000
9:41:24,-72.93438,41.30919, 23.45,73.61000
9:41:25,-72.93445,41.30919, 23.42,73.82000
9:41:26,-72.93449,41.30919, 23.40,73.87000
9:41:28,-72.93459,41.30921, 23.40,73.99000
9:41:30,-72.93469,41.30924, 23.38,74.17000
9:41:32,-72.9348,41.30925, 23.38,74.28000
9:41:33,-72.93487,41.30927, 23.41,74.40000
9:41:35,-72.935,41.30933, 23.38,74.43000
9:41:36,-72.93505,41.30934, 23.40,74.44000
9:41:38,-72.93516,41.30937, 23.48,74.50000
9:41:40,-72.93532,41.3094, 23.52,74.58000
9:41:41,-72.93538,41.30942, 23.54,74.44000
9:41:43,-72.93549,41.30944, 23.55,74.39000
9:41:44,-72.93553,41.30945, 23.62,74.41000
9:41:47,-72.93567,41.30954, 23.65,74.31000
9:41:48,-72.93572,41.30956, 23.64,74.18000
9:41:49,-72.93574,41.30955, 23.66,74.08000
9:41:52,-72.93593,41.30955, 23.62,74.08000
9:41:55,-72.9361,41.30961, 23.58,74.06000
9:41:56,-72.93615,41.30961, 23.56,74.12000
9:41:58,-72.93625,41.30963, 23.49,74.52000
9:42:00,-72.93637,41.30961, 23.48,74.71000
9:42:01,-72.93644,41.3096, 23.46,74.75000
9:42:03,-72.93654,41.30961, 23.46,74.77000
9:42:04,-72.93656,41.30963, 23.42,74.83000
9:42:05,-72.93659,41.30964, 23.44,74.85000
9:42:06,-72.93662,41.30966, 23.45,74.91000
9:42:07,-72.93667,41.30968, 23.55,74.97000
9:42:09,-72.93676,41.3097, 23.62,75.03000
9:42:10,-72.9368,41.30971, 23.68,74.98000
9:42:11,-72.93684,41.30973, 23.75,74.92000
9:42:12,-72.93687,41.30973, 23.72,74.59000
9:42:13,-72.93692,41.30973, 23.75,74.52000
9:42:14,-72.93697,41.30974, 23.71,74.45000
9:42:15,-72.93701,41.30976, 23.59,74.30000
9:42:17,-72.93708,41.3098, 23.52,74.16000
9:42:19,-72.9372,41.30983, 23.45,74.11000
9:42:21,-72.9373,41.30983, 23.31,74.34000
9:42:22,-72.93737,41.30985, 23.28,74.58000
9:42:24,-72.93749,41.30988, 23.30,74.75000
9:42:25,-72.93755,41.30989, 23.48,75.06000
9:42:26,-72.93761,41.3099, 23.55,75.23000
9:42:27,-72.93765,41.30992, 23.61,75.24000
9:42:28,-72.93771,41.30993, 23.68,75.17000
9:42:29,-72.93778,41.30993, 23.69,75.06000
9:42:30,-72.93783,41.30995, 23.64,74.90000
9:42:31,-72.93788,41.30996, 23.55,74.81000
9:42:32,-72.93793,41.30998, 23.51,74.66000
9:42:33,-72.93798,41.30998, 23.55,74.71000
9:42:34,-72.93802,41.30999, 23.55,74.79000
9:42:35,-72.93807,41.30999, 23.54,74.87000
9:42:37,-72.93821,41.31001, 23.52,74.96000
9:42:38,-72.93827,41.31002, 23.49,74.98000
9:42:40,-72.93836,41.31005, 23.49,75.07000
9:42:41,-72.9384,41.31005, 23.42,75.12000
9:42:43,-72.93852,41.31008, 23.40,75.16000
9:42:45,-72.9386,41.3101, 23.35,75.25000
9:42:46,-72.93871,41.31012, 23.38,75.43000
9:42:47,-72.93877,41.31015, 23.35,75.47000
9:42:48,-72.93882,41.31016, 23.33,75.53000
9:42:49,-72.93885,41.31018, 23.35,75.59000
9:42:51,-72.93896,41.31022, 23.31,75.61000
9:42:52,-72.93902,41.31022, 23.28,75.64000
9:42:53,-72.9391,41.31024, 23.31,75.68000
9:42:54,-72.93915,41.31024, 23.34,75.70000
9:42:56,-72.93924,41.31025, 23.37,75.81000
9:42:57,-72.93931,41.31027, 23.48,75.98000
9:42:59,-72.93941,41.31031, 23.51,75.97000
9:43:01,-72.93949,41.31033, 23.51,75.95000
9:43:02,-72.93956,41.31033, 23.62,75.93000
9:43:03,-72.93962,41.31034, 23.68,75.89000
9:43:04,-72.93968,41.31036, 23.69,75.77000
9:43:06,-72.93977,41.31038, 23.72,75.70000
9:43:08,-72.93982,41.31039, 23.68,75.56000
9:43:09,-72.93987,41.31042, 23.59,75.37000
9:43:10,-72.93993,41.31044, 23.55,75.24000
9:43:12,-72.94009,41.31044, 23.54,75.13000
9:43:13,-72.94016,41.31044, 23.51,75.15000
9:43:16,-72.94037,41.31049, 23.55,75.28000
9:43:17,-72.94044,41.31051, 23.64,75.31000
9:43:18,-72.94049,41.31052, 23.62,75.21000
9:43:19,-72.94052,41.31053, 23.69,75.21000
9:43:20,-72.94057,41.31055, 23.66,75.10000
9:43:21,-72.94061,41.31055, 23.66,75.01000
9:43:22,-72.94067,41.31057, 23.65,74.97000
9:43:23,-72.94071,41.31057, 23.69,74.97000
9:43:24,-72.94073,41.31058, 23.69,74.98000
9:43:26,-72.94075,41.31057, 23.71,75.01000
9:43:28,-72.94075,41.31056, 23.74,75.02000
9:43:32,-72.94075,41.31056, 23.74,75.05000
9:43:33,-72.94077,41.31056, 23.78,75.17000
9:43:34,-72.94077,41.31056, 23.76,75.13000
9:43:35,-72.94078,41.31056, 23.78,75.14000
9:43:36,-72.94079,41.31056, 23.75,75.07000
9:43:38,-72.94082,41.31056, 23.79,75.12000
9:43:40,-72.94086,41.31056, 23.81,75.15000
9:43:41,-72.9409,41.31056, 23.79,75.13000
9:43:43,-72.94094,41.31057, 23.79,75.01000
9:43:44,-72.94098,41.31058, 23.84,74.90000
9:43:46,-72.94102,41.3106, 23.86,74.98000
9:43:48,-72.94108,41.31064, 23.85,74.86000
9:43:49,-72.94113,41.31065, 23.88,74.63000
9:43:51,-72.94119,41.31069, 23.97,74.40000
9:43:53,-72.94125,41.3107, 23.96,74.22000
9:43:55,-72.9413,41.31071, 23.96,74.13000
9:43:56,-72.94136,41.31073, 23.82,73.88000
9:43:57,-72.94141,41.31074, 23.79,73.89000
9:43:58,-72.94146,41.31075, 23.78,73.89000
9:44:00,-72.94157,41.31078, 23.81,73.95000
9:44:01,-72.9416,41.31079, 23.82,74.02000
9:44:04,-72.94179,41.31083, 23.92,74.00000
9:44:05,-72.94187,41.31084, 23.92,73.95000
9:44:09,-72.94205,41.31088, 24.03,73.77000
9:44:12,-72.94216,41.31091, 24.06,73.32000
9:44:13,-72.9422,41.31093, 24.03,73.27000
9:44:14,-72.94225,41.31095, 24.02,73.25000
9:44:17,-72.94236,41.31096, 23.95,73.24000
9:44:18,-72.9424,41.31097, 23.89,73.32000
9:44:20,-72.94248,41.31097, 23.86,73.42000
9:44:21,-72.94252,41.31099, 23.85,73.56000
9:44:23,-72.94261,41.31101, 23.82,73.60000
9:44:24,-72.94266,41.31102, 23.82,73.65000
9:44:25,-72.9427,41.31103, 23.82,73.73000
9:44:26,-72.94275,41.31104, 23.84,73.80000
9:44:27,-72.9428,41.31105, 23.81,73.93000
9:44:28,-72.94285,41.31107, 23.79,74.04000
9:44:29,-72.94288,41.31107, 23.78,74.13000
9:44:30,-72.94293,41.3111, 23.81,74.21000
9:44:32,-72.94304,41.31113, 23.88,74.32000
9:44:34,-72.94318,41.31115, 23.88,74.32000
9:44:35,-72.94324,41.31117, 23.89,74.23000
9:44:37,-72.94334,41.31119, 23.88,74.11000
9:44:40,-72.94356,41.31125, 23.86,74.05000
9:44:41,-72.94364,41.31126, 23.89,74.00000
9:44:43,-72.94377,41.31129, 23.84,73.96000
9:44:44,-72.94385,41.31133, 23.81,73.94000
9:44:46,-72.94396,41.31137, 23.82,74.06000
9:44:47,-72.94401,41.31138, 23.79,74.02000
9:44:49,-72.94405,41.31139, 23.79,74.07000
9:44:50,-72.94408,41.31139, 23.81,74.13000
9:44:53,-72.94416,41.31139, 23.79,74.14000
9:44:54,-72.94417,41.31138, 23.85,74.15000
9:44:56,-72.94419,41.31137, 23.88,74.16000
9:44:57,-72.94421,41.31136, 23.86,74.19000
9:44:58,-72.94422,41.31136, 23.86,74.26000
9:45:00,-72.94422,41.31136, 23.89,74.32000
9:45:02,-72.94427,41.31135, 23.95,74.28000
9:45:05,-72.94429,41.31135, 23.93,74.24000
9:45:06,-72.94429,41.31135, 23.96,74.21000
9:45:08,-72.94428,41.31136, 23.92,74.18000
9:45:10,-72.9443,41.31136, 23.91,74.06000
9:45:11,-72.9443,41.31136, 23.89,74.05000
9:45:13,-72.94433,41.31138, 23.89,74.05000
9:45:14,-72.94433,41.31139, 23.81,73.95000
9:45:15,-72.94433,41.31139, 23.76,73.83000
9:45:16,-72.94433,41.3114, 23.75,73.85000
9:45:17,-72.94433,41.3114, 23.74,73.80000
9:45:19,-72.94433,41.3114, 23.76,73.82000
9:45:22,-72.94435,41.31139, 23.76,73.81000
9:45:23,-72.94435,41.31139, 23.82,74.07000
9:45:24,-72.94435,41.31139, 23.82,74.09000
9:45:26,-72.94435,41.3114, 23.81,74.10000
9:45:28,-72.94435,41.31141, 23.79,74.02000
9:45:29,-72.94435,41.31141, 23.76,74.03000
9:45:32,-72.94436,41.31144, 23.81,74.00000
9:45:33,-72.94436,41.31145, 23.85,73.99000
9:45:34,-72.94437,41.31147, 23.84,74.00000
9:45:36,-72.9444,41.31149, 23.76,73.86000
9:45:38,-72.94447,41.3115, 23.74,73.89000
9:45:39,-72.9445,41.31149, 23.76,73.98000
9:45:41,-72.94455,41.31151, 23.74,73.98000
9:45:42,-72.9446,41.31151, 23.65,73.98000
9:45:44,-72.94472,41.31153, 23.61,73.98000
9:45:45,-72.94478,41.31155, 23.56,74.07000
9:45:47,-72.94491,41.31158, 23.56,74.12000
9:45:49,-72.94505,41.31158, 23.56,74.33000
9:45:51,-72.94516,41.31162, 23.65,74.48000
9:45:52,-72.94522,41.31164, 23.76,74.52000
9:45:54,-72.94535,41.31165, 23.72,74.43000
9:45:56,-72.94545,41.31167, 23.79,74.32000
9:45:57,-72.9455,41.31168, 23.82,74.47000
9:45:58,-72.94557,41.31169, 23.81,74.49000
9:45:59,-72.94563,41.3117, 23.79,74.52000
9:46:00,-72.9457,41.31171, 23.79,74.52000
9:46:02,-72.94582,41.31173, 23.81,74.49000
9:46:03,-72.94588,41.31175, 23.91,74.75000
9:46:04,-72.94595,41.31175, 23.91,74.61000
9:46:05,-72.94602,41.31176, 23.92,74.47000
9:46:06,-72.94606,41.31178, 23.92,74.37000
9:46:08,-72.94617,41.31181, 23.88,74.29000
9:46:09,-72.94623,41.31182, 23.89,74.15000
9:46:10,-72.94628,41.31183, 23.86,74.07000
9:46:13,-72.9465,41.31189, 23.82,74.04000
9:46:14,-72.94656,41.31191, 23.86,74.12000
9:46:16,-72.94664,41.31195, 23.89,74.30000
9:46:17,-72.94669,41.31197, 23.78,74.54000
9:46:20,-72.94679,41.31202, 23.71,74.48000
9:46:21,-72.94685,41.31202, 23.68,74.42000
9:46:22,-72.94688,41.31202, 23.58,74.49000
9:46:23,-72.9469,41.31204, 23.62,74.56000
9:46:24,-72.94695,41.31203, 23.62,74.61000
9:46:25,-72.94699,41.31205, 23.59,74.64000
9:46:27,-72.9471,41.31205, 23.58,74.67000
9:46:29,-72.94719,41.31209, 23.56,74.76000
9:46:30,-72.94724,41.3121, 23.59,74.91000
9:46:32,-72.94736,41.31212, 23.65,74.99000
9:46:34,-72.94745,41.31213, 23.62,74.98000
9:46:35,-72.9475,41.31214, 23.61,74.92000
9:46:37,-72.94759,41.31217, 23.58,74.96000
9:46:40,-72.94777,41.3122, 23.49,74.94000
9:46:42,-72.9479,41.31221, 23.41,74.99000
9:46:45,-72.94803,41.31224, 23.35,75.15000
9:46:46,-72.94808,41.31226, 23.42,75.35000
9:46:48,-72.94822,41.3123, 23.46,75.49000
9:46:49,-72.94828,41.31232, 23.46,75.53000
9:46:50,-72.94834,41.31233, 23.49,75.52000
9:46:52,-72.94848,41.31235, 23.49,75.46000
9:46:53,-72.94855,41.31236, 23.58,75.30000
9:46:55,-72.94866,41.31237, 23.59,75.43000
9:46:56,-72.94871,41.31239, 23.62,75.45000
9:46:57,-72.94879,41.3124, 23.66,75.48000
9:46:59,-72.94893,41.31243, 23.62,75.41000
9:47:00,-72.949,41.31244, 23.61,75.22000
9:47:01,-72.94906,41.31245, 23.58,75.14000
9:47:03,-72.94918,41.31248, 23.56,75.05000
9:47:05,-72.94932,41.31252, 23.56,75.01000
9:47:06,-72.94937,41.31252, 23.58,75.02000
9:47:07,-72.94942,41.31253, 23.52,74.94000
9:47:08,-72.94948,41.31254, 23.52,74.94000
9:47:09,-72.94948,41.31254, 23.52,74.97000
9:47:10,-72.94953,41.31256, 23.52,75.04000
9:47:11,-72.94958,41.31256, 23.56,75.14000
9:47:12,-72.94972,41.31259, 23.58,75.29000
9:47:13,-72.94972,41.31259, 23.64,75.40000
9:47:18,-72.95,41.31267, 23.68,75.53000
9:47:19,-72.95006,41.31268, 23.69,75.55000
9:47:22,-72.95028,41.31272, 23.81,75.10000
9:47:25,-72.95046,41.31274, 23.93,75.09000
9:47:26,-72.95052,41.31276, 23.96,74.49000
9:47:27,-72.95059,41.31277, 24.00,74.53000
9:47:28,-72.95063,41.31279, 23.97,74.47000
9:47:29,-72.95068,41.3128, 24.00,74.47000
9:47:31,-72.9508,41.31282, 24.03,74.49000
9:47:33,-72.95091,41.31284, 23.97,74.39000
9:47:34,-72.95097,41.31286, 24.07,74.40000
9:47:35,-72.95102,41.31287, 24.10,74.42000
9:47:37,-72.95114,41.3129, 24.13,74.30000
9:47:40,-72.95137,41.31295, 24.09,74.23000
9:47:41,-72.95145,41.31296, 24.13,73.94000
9:47:43,-72.95155,41.313, 24.06,73.69000
9:47:44,-72.95159,41.31302, 24.07,73.83000
9:47:45,-72.95164,41.31305, 23.99,73.93000
9:47:46,-72.95167,41.31306, 23.93,73.90000
9:47:47,-72.9517,41.31306, 23.84,73.86000
9:47:50,-72.95174,41.31308, 23.85,73.85000
9:47:51,-72.95174,41.31308, 23.89,73.96000
9:47:53,-72.95174,41.31308, 23.88,73.98000
9:47:54,-72.95174,41.31308, 23.89,73.93000
9:47:55,-72.95174,41.31308, 23.91,73.89000
9:47:56,-72.95174,41.31308, 23.88,73.89000
9:47:57,-72.95174,41.31308, 23.89,73.87000
9:47:58,-72.95174,41.31308, 23.92,73.88000
9:48:00,-72.95174,41.31308, 23.93,73.92000
9:48:02,-72.95174,41.31308, 23.93,73.89000
9:48:04,-72.95173,41.31309, 23.99,73.88000
9:48:05,-72.95173,41.31309, 24.00,73.87000
9:48:06,-72.95173,41.31309, 24.02,73.83000
9:48:07,-72.95173,41.31309, 24.00,73.75000
9:48:10,-72.95175,41.31309, 24.00,73.71000
9:48:11,-72.95177,41.31309, 23.96,73.59000
9:48:13,-72.95178,41.31308, 23.97,73.38000
9:48:14,-72.95178,41.31308, 23.85,73.21000
9:48:16,-72.95181,41.31309, 23.81,73.21000
9:48:16,-72.95181,41.31309, 23.76,73.22000
9:48:17,-72.95185,41.31311, 23.78,73.44000
9:48:19,-72.95192,41.31311, 23.78,73.64000
9:48:20,-72.95196,41.31312, 23.76,73.69000
9:48:21,-72.95201,41.31312, 23.75,73.77000
9:48:22,-72.95207,41.31313, 23.84,73.85000
9:48:23,-72.95211,41.31313, 23.88,74.08000
9:48:25,-72.9522,41.31314, 23.93,74.22000
9:48:26,-72.95225,41.31316, 23.96,74.49000
9:48:27,-72.95233,41.31317, 23.92,74.70000
9:48:28,-72.9524,41.31317, 23.91,75.13000
9:48:29,-72.95246,41.31319, 23.85,75.32000
9:48:30,-72.95252,41.3132, 23.84,75.45000
9:48:31,-72.95257,41.31321, 23.89,75.51000
9:48:32,-72.95264,41.31322, 23.93,75.42000
9:48:33,-72.9527,41.31324, 23.84,75.33000
9:48:35,-72.95282,41.31329, 23.72,75.24000
9:48:37,-72.95296,41.31333, 23.61,75.65000
9:48:38,-72.95304,41.31335, 23.41,76.15000
9:48:40,-72.95324,41.31328, 23.33,76.42000
9:48:43,-72.95353,41.31334, 23.28,76.99000
9:48:45,-72.95372,41.31338, 23.06,77.45000
9:48:48,-72.954,41.31344, 23.00,78.23000
9:48:50,-72.95416,41.31348, 22.94,78.94000
9:48:51,-72.95424,41.3135, 22.93,79.25000
9:48:52,-72.95433,41.31352, 22.89,79.48000
9:48:53,-72.95441,41.31353, 22.91,79.38000
9:48:54,-72.95448,41.31355, 22.90,79.16000
9:48:56,-72.95465,41.31359, 22.93,78.93000
9:48:57,-72.95471,41.3136, 22.90,78.54000
9:48:59,-72.95484,41.31363, 22.89,78.34000
9:49:00,-72.9549,41.31364, 22.87,78.20000
9:49:01,-72.95496,41.31366, 22.84,78.18000
9:49:02,-72.955,41.31367, 22.87,78.20000
9:49:03,-72.95508,41.31368, 22.84,78.38000
9:49:04,-72.95513,41.31369, 22.83,78.56000
9:49:05,-72.9552,41.31371, 22.83,78.64000
9:49:06,-72.95526,41.31372, 22.86,78.81000
9:49:07,-72.95532,41.31374, 22.86,78.86000
9:49:09,-72.95539,41.31381, 22.83,78.75000
9:49:10,-72.95543,41.31384, 22.83,78.59000
9:49:11,-72.95546,41.31385, 22.84,78.54000
9:49:13,-72.95556,41.31386, 22.83,78.46000
9:49:14,-72.9556,41.31388, 22.87,78.49000
9:49:16,-72.95569,41.31393, 22.87,78.61000
9:49:17,-72.95576,41.31395, 22.87,78.88000
9:49:18,-72.95582,41.31397, 22.89,79.07000
9:49:19,-72.9559,41.31398, 22.91,79.22000
9:49:20,-72.95596,41.314, 22.91,79.41000
9:49:21,-72.95602,41.31402, 22.93,79.46000
9:49:23,-72.95615,41.31405, 22.96,79.43000
9:49:24,-72.9562,41.31406, 22.98,79.15000
9:49:25,-72.95626,41.31407, 23.03,78.97000
9:49:27,-72.95638,41.31409, 23.07,78.85000
9:49:28,-72.95642,41.3141, 23.03,78.48000
9:49:29,-72.95647,41.31412, 23.00,78.31000
9:49:30,-72.95652,41.31414, 22.97,78.26000
9:49:33,-72.95664,41.31418, 22.94,78.15000
9:49:34,-72.9567,41.31419, 22.84,78.17000
9:49:35,-72.95675,41.3142, 22.84,78.10000
9:49:36,-72.95679,41.31422, 22.83,78.15000
9:49:37,-72.95682,41.31422, 22.80,78.19000
9:49:38,-72.95688,41.31424, 22.76,78.21000
9:49:39,-72.95693,41.31425, 22.76,78.19000
9:49:40,-72.95697,41.31427, 22.76,78.20000
9:49:41,-72.957,41.31427, 22.74,78.33000
9:49:42,-72.95705,41.31429, 22.72,78.37000
9:49:43,-72.95709,41.3143, 22.73,78.40000
9:49:44,-72.95712,41.31432, 22.69,78.45000
9:49:45,-72.95717,41.31432, 22.73,78.49000
9:49:46,-72.95721,41.31434, 22.69,78.54000
9:49:47,-72.95727,41.31436, 22.69,78.67000
9:49:48,-72.95732,41.31438, 22.67,78.82000
9:49:49,-72.95738,41.31439, 22.67,78.99000
9:49:50,-72.95742,41.3144, 22.70,79.07000
9:49:51,-72.95747,41.31442, 22.67,79.18000
9:49:53,-72.9576,41.31444, 22.70,79.20000
9:49:54,-72.95765,41.31445, 22.69,79.23000
9:49:56,-72.95773,41.31446, 22.69,79.27000
9:49:57,-72.95778,41.31447, 22.70,79.36000
9:49:59,-72.95788,41.31448, 22.70,79.38000
9:50:00,-72.95794,41.31449, 22.73,79.42000
9:50:01,-72.958,41.3145, 22.72,79.49000
9:50:02,-72.95808,41.31452, 22.70,79.64000
9:50:03,-72.95816,41.31454, 22.69,79.65000
9:50:04,-72.95821,41.31456, 22.69,79.66000
9:50:05,-72.95829,41.31458, 22.70,79.62000
9:50:06,-72.95835,41.31459, 22.69,79.60000
9:50:07,-72.95841,41.31461, 22.70,79.52000
9:50:08,-72.95845,41.31463, 22.72,79.54000
9:50:09,-72.95853,41.31467, 22.72,79.47000
9:50:10,-72.95857,41.3147, 22.69,79.44000
9:50:12,-72.95868,41.31478, 22.69,79.44000
9:50:13,-72.95871,41.31481, 22.66,79.48000
9:50:14,-72.95874,41.31484, 22.66,79.46000
9:50:15,-72.95877,41.31486, 22.65,79.44000
9:50:16,-72.95879,41.31487, 22.63,79.43000
9:50:17,-72.95882,41.3149, 22.62,79.33000
9:50:18,-72.95885,41.31493, 22.61,79.22000
9:50:19,-72.95886,41.31494, 22.63,79.10000
9:50:20,-72.95888,41.31497, 22.59,79.03000
9:50:21,-72.95892,41.315, 22.61,78.96000
9:50:23,-72.95897,41.31505, 22.59,78.97000
9:50:26,-72.95905,41.31515, 22.58,79.09000
9:50:27,-72.95906,41.31518, 22.61,79.18000
9:50:29,-72.95909,41.31525, 22.62,79.31000
9:50:31,-72.9591,41.31531, 22.61,79.25000
9:50:32,-72.95913,41.31535, 22.61,79.32000
9:50:33,-72.95915,41.31538, 22.62,79.37000
9:50:35,-72.95918,41.31545, 22.62,79.46000
9:50:36,-72.9592,41.31548, 22.62,79.62000
9:50:37,-72.9592,41.31552, 22.61,79.73000
9:50:39,-72.95926,41.31558, 22.63,79.77000
9:50:40,-72.95928,41.31562, 22.62,79.99000
9:50:41,-72.95927,41.31565, 22.62,80.06000
9:50:42,-72.95929,41.31568, 22.61,80.08000
9:50:44,-72.95933,41.31578, 22.63,80.18000
9:50:45,-72.95936,41.31582, 22.62,80.20000
9:50:46,-72.95937,41.31585, 22.63,80.16000
9:50:48,-72.95939,41.31592, 22.63,80.13000
9:50:49,-72.95943,41.31597, 22.62,80.51000
9:50:50,-72.95945,41.31603, 22.62,80.58000
9:50:52,-72.95947,41.3161, 22.63,80.66000
9:50:53,-72.95948,41.31613, 22.59,80.95000
9:50:55,-72.95952,41.31621, 22.61,80.90000
9:50:56,-72.95953,41.31625, 22.61,81.22000
9:50:58,-72.95956,41.31632, 22.58,81.32000
9:50:59,-72.95959,41.31636, 22.61,81.35000
9:51:00,-72.95958,41.3164, 22.62,81.42000
9:51:01,-72.95958,41.31644, 22.63,81.55000
9:51:02,-72.95959,41.3165, 22.65,81.55000
9:51:03,-72.9596,41.31655, 22.65,81.54000
9:51:05,-72.95962,41.31665, 22.66,81.61000
9:51:06,-72.95962,41.31668, 22.59,81.96000
9:51:07,-72.95963,41.31673, 22.58,81.93000
9:51:08,-72.95964,41.31675, 22.56,81.96000
9:51:09,-72.95964,41.31678, 22.56,81.92000
9:51:11,-72.95964,41.31686, 22.58,81.94000
9:51:12,-72.95964,41.3169, 22.59,81.84000
9:51:13,-72.95964,41.31694, 22.63,81.76000
9:51:14,-72.95963,41.31698, 22.61,81.46000
9:51:15,-72.95964,41.31703, 22.61,81.03000
9:51:16,-72.95966,41.31707, 22.63,80.65000
9:51:18,-72.95968,41.31716, 22.65,80.38000
9:51:19,-72.9597,41.31721, 22.70,79.92000
9:51:20,-72.95971,41.31725, 22.74,79.80000
9:51:21,-72.95971,41.31729, 22.84,79.78000
9:51:22,-72.95969,41.31733, 22.87,79.87000
9:51:24,-72.95963,41.31736, 22.86,79.96000
9:51:25,-72.95959,41.31737, 22.84,79.58000
9:51:26,-72.95958,41.31738, 22.87,79.41000
9:51:27,-72.95954,41.31737, 22.96,79.27000
9:51:29,-72.95946,41.31735, 22.98,79.10000
9:51:31,-72.9594,41.31731, 23.06,78.79000
9:51:33,-72.9593,41.31729, 23.07,78.41000
9:51:35,-72.95921,41.31726, 23.03,78.07000
9:51:36,-72.95917,41.31724, 22.98,78.06000
9:51:37,-72.95913,41.31722, 22.97,78.02000
9:51:38,-72.95907,41.3172, 22.98,78.02000
9:51:40,-72.95896,41.31718, 22.98,77.98000
9:51:41,-72.95891,41.31716, 22.93,77.97000
9:51:42,-72.95887,41.31714, 22.91,77.98000
9:51:43,-72.95882,41.31712, 22.90,77.96000
9:51:44,-72.95877,41.3171, 22.84,78.01000
9:51:45,-72.95871,41.31709, 22.84,78.13000
9:51:47,-72.95862,41.31705, 22.82,78.21000
9:51:49,-72.9585,41.31701, 22.80,78.31000
9:51:50,-72.95847,41.31701, 22.80,78.40000
9:51:51,-72.95843,41.31699, 22.79,78.36000
9:51:52,-72.9584,41.31697, 22.82,78.41000
9:51:53,-72.95836,41.31696, 22.83,78.48000
9:51:54,-72.95832,41.31695, 22.79,78.55000
9:51:56,-72.95822,41.31692, 22.80,78.55000
9:51:57,-72.95818,41.31689, 22.80,78.61000
9:51:58,-72.95813,41.31687, 22.80,78.70000
9:51:59,-72.95808,41.31686, 22.80,78.93000
9:52:00,-72.95802,41.31685, 22.79,79.06000
9:52:01,-72.95797,41.31684, 22.83,79.23000
9:52:02,-72.95792,41.31683, 22.79,79.46000
9:52:03,-72.95789,41.31682, 22.77,79.69000
9:52:04,-72.95783,41.31681, 22.79,79.79000
9:52:05,-72.95778,41.31679, 22.74,79.77000
9:52:06,-72.95772,41.31678, 22.74,79.57000
9:52:07,-72.95768,41.31677, 22.73,79.44000
9:52:09,-72.95756,41.31674, 22.76,79.34000
9:52:10,-72.95751,41.31673, 22.79,79.30000
9:52:11,-72.95746,41.31672, 22.76,79.11000
9:52:13,-72.95733,41.3167, 22.82,79.01000
9:52:14,-72.95726,41.31669, 22.89,78.69000
9:52:16,-72.95712,41.31663, 22.90,78.60000
9:52:17,-72.95704,41.31661, 22.87,78.48000
9:52:18,-72.95696,41.3166, 22.96,78.35000
9:52:21,-72.95674,41.31653, 22.97,78.30000
9:52:22,-72.95667,41.31652, 23.00,78.15000
9:52:23,-72.95663,41.31651, 23.01,78.17000
9:52:24,-72.95658,41.3165, 23.01,78.21000
9:52:25,-72.95652,41.31649, 23.01,78.29000
9:52:26,-72.95645,41.31647, 23.03,78.45000
9:52:27,-72.95642,41.31647, 23.01,78.51000
9:52:29,-72.95629,41.31643, 22.97,78.51000
9:52:30,-72.95624,41.31641, 22.96,78.39000
9:52:31,-72.95618,41.3164, 22.94,78.32000
9:52:32,-72.95612,41.31638, 22.93,78.37000
9:52:33,-72.95608,41.31636, 22.96,78.45000
9:52:34,-72.95605,41.31635, 22.97,78.58000
9:52:35,-72.95601,41.31632, 22.94,78.72000
9:52:36,-72.95598,41.31629, 22.97,78.86000
9:52:37,-72.95594,41.31628, 22.96,78.97000
9:52:39,-72.95586,41.31623, 22.98,79.17000
9:52:40,-72.9558,41.31621, 22.98,79.68000
9:52:41,-72.95576,41.31619, 23.03,79.89000
9:52:43,-72.95566,41.31617, 23.12,80.03000
9:52:44,-72.9556,41.31614, 23.27,80.07000
9:52:45,-72.95556,41.31612, 23.25,80.01000
9:52:47,-72.95549,41.31609, 23.28,79.72000
9:52:48,-72.95543,41.31608, 23.33,78.91000
9:52:49,-72.9554,41.31607, 23.37,78.64000
9:52:51,-72.95529,41.31605, 23.40,78.51000
9:52:52,-72.95525,41.31603, 23.44,77.95000
9:52:53,-72.95517,41.31601, 23.45,77.76000
9:52:54,-72.95512,41.31599, 23.52,77.48000
9:52:55,-72.95507,41.31598, 23.58,77.49000
9:52:56,-72.95502,41.31597, 23.66,77.57000
9:52:57,-72.95496,41.31596, 23.72,77.67000
9:52:58,-72.9549,41.31594, 23.68,77.59000
9:52:59,-72.95485,41.31591, 23.68,77.28000
9:53:01,-72.95473,41.31588, 23.65,76.89000
9:53:02,-72.95468,41.31586, 23.62,76.51000
9:53:04,-72.95459,41.31583, 23.61,76.11000
9:53:05,-72.95452,41.31581, 23.68,76.01000
9:53:06,-72.95447,41.31579, 23.71,76.09000
9:53:07,-72.95441,41.31579, 23.69,76.11000
9:53:09,-72.95429,41.31577, 23.75,76.12000
9:53:10,-72.95423,41.31577, 23.76,76.29000
9:53:12,-72.9541,41.31574, 23.76,76.18000
9:53:13,-72.95405,41.31572, 23.75,75.69000
9:53:15,-72.95396,41.3157, 23.79,75.59000
9:53:17,-72.95384,41.31568, 23.75,75.46000
9:53:18,-72.95379,41.31567, 23.76,75.37000
9:53:20,-72.95371,41.31562, 23.72,75.23000
9:53:21,-72.95366,41.3156, 23.68,75.10000
9:53:22,-72.95362,41.31559, 23.65,75.01000
9:53:23,-72.95356,41.31558, 23.61,74.98000
9:53:24,-72.9535,41.31557, 23.65,75.03000
9:53:25,-72.95345,41.31556, 23.76,75.24000
9:53:26,-72.9534,41.31555, 23.79,75.39000
9:53:27,-72.95336,41.31553, 23.86,75.50000
9:53:28,-72.95329,41.31552, 23.85,75.66000
9:53:29,-72.95324,41.31551, 23.82,75.65000
9:53:30,-72.95319,41.31551, 23.76,75.42000
9:53:31,-72.95313,41.3155, 23.76,75.27000
9:53:32,-72.95307,41.31549, 23.76,75.13000
9:53:34,-72.95296,41.31546, 23.79,75.08000
9:53:36,-72.9529,41.31543, 23.85,75.15000
9:53:37,-72.95284,41.31542, 23.78,74.89000
9:53:39,-72.95274,41.3154, 23.74,74.89000
9:53:40,-72.9527,41.31538, 23.75,74.83000
9:53:41,-72.95266,41.31537, 23.72,74.80000
9:53:42,-72.95262,41.31535, 23.69,74.76000
9:53:43,-72.95257,41.31534, 23.71,74.72000
9:53:44,-72.95251,41.31533, 23.69,74.70000
9:53:46,-72.95242,41.31531, 23.71,74.66000
9:53:47,-72.95237,41.3153, 23.74,74.83000
9:53:48,-72.95232,41.31529, 23.72,74.85000
9:53:51,-72.95222,41.31526, 23.74,74.84000
9:53:52,-72.95212,41.31522, 23.76,74.83000
9:53:54,-72.95207,41.31522, 23.81,74.83000
9:53:56,-72.95197,41.31518, 23.91,75.07000
9:53:57,-72.95193,41.31516, 23.96,74.83000
9:53:58,-72.95188,41.31515, 23.92,74.69000
9:54:01,-72.95172,41.31512, 23.99,74.60000
9:54:02,-72.95166,41.3151, 24.06,74.67000
9:54:03,-72.9516,41.31508, 24.26,74.66000
9:54:04,-72.95156,41.31507, 24.32,74.69000
9:54:05,-72.95151,41.31505, 24.40,74.72000
9:54:06,-72.95148,41.31503, 24.42,74.46000
9:54:07,-72.95144,41.31502, 24.43,74.16000
9:54:08,-72.95141,41.31502, 24.40,73.81000
9:54:09,-72.95137,41.31501, 24.37,73.59000
9:54:10,-72.95134,41.31498, 24.34,73.45000
9:54:12,-72.95126,41.31495, 24.47,73.34000
9:54:13,-72.95124,41.31493, 24.53,73.19000
9:54:14,-72.95119,41.31493, 24.55,73.17000
9:54:16,-72.95109,41.31492, 24.54,73.18000
9:54:17,-72.95103,41.31491, 24.51,73.05000
9:54:18,-72.95099,41.3149, 24.47,72.93000
9:54:20,-72.9509,41.31488, 24.42,72.80000
9:54:21,-72.95086,41.31487, 24.30,72.65000
9:54:22,-72.9508,41.31486, 24.26,72.69000
9:54:23,-72.95075,41.31484, 24.17,72.57000
9:54:24,-72.9507,41.31483, 24.09,72.54000
9:54:25,-72.95066,41.31482, 24.05,72.53000
9:54:26,-72.95062,41.31482, 24.02,72.61000
9:54:27,-72.95058,41.31481, 23.99,72.69000
9:54:30,-72.95045,41.31476, 23.95,72.77000
9:54:31,-72.95039,41.31475, 23.96,73.20000
9:54:32,-72.95032,41.31474, 23.96,73.31000
9:54:33,-72.95028,41.31473, 24.00,73.45000
9:54:34,-72.95023,41.31472, 24.03,73.57000
9:54:35,-72.95019,41.31471, 23.99,73.60000
9:54:37,-72.9501,41.31469, 23.97,73.59000
9:54:38,-72.95006,41.31468, 23.97,73.57000
9:54:39,-72.95002,41.31466, 23.99,73.60000
9:54:41,-72.94994,41.31463, 24.03,73.65000
9:54:42,-72.94987,41.31461, 23.96,73.59000
9:54:43,-72.94981,41.31459, 23.91,73.35000
9:54:44,-72.94977,41.31458, 23.91,73.20000
9:54:45,-72.94973,41.31457, 23.88,73.24000
9:54:47,-72.94963,41.31454, 23.84,73.10000
9:54:48,-72.94958,41.31452, 23.79,73.14000
9:54:50,-72.94949,41.3145, 23.76,73.17000
9:54:52,-72.94939,41.31448, 23.71,73.14000
9:54:53,-72.94935,41.31447, 23.72,73.35000
9:54:54,-72.94929,41.31446, 23.75,73.52000
9:54:56,-72.94918,41.31443, 23.76,73.62000
9:54:56,-72.94918,41.31443, 23.74,73.74000
9:54:57,-72.94909,41.31442, 23.68,73.74000
9:54:58,-72.94905,41.31441, 23.68,73.69000
9:54:59,-72.94899,41.31438, 23.65,73.65000
9:55:00,-72.94895,41.31437, 23.69,73.69000
9:55:03,-72.9488,41.31433, 23.74,73.80000
9:55:04,-72.94877,41.31433, 23.86,74.10000
9:55:05,-72.94872,41.31432, 23.89,74.14000
9:55:07,-72.94861,41.3143, 23.97,74.25000
9:55:08,-72.94855,41.31429, 23.89,73.96000
9:55:10,-72.94845,41.31425, 23.84,73.48000
9:55:13,-72.94831,41.31419, 23.75,73.34000
9:55:14,-72.94826,41.31418, 23.74,73.43000
9:55:15,-72.94821,41.31416, 23.82,73.73000
9:55:16,-72.94816,41.31414, 23.91,74.07000
9:55:17,-72.94809,41.31412, 23.96,74.29000
9:55:18,-72.94803,41.31411, 24.00,74.27000
9:55:20,-72.94793,41.31408, 24.03,74.15000
9:55:21,-72.94789,41.31407, 23.96,73.57000
9:55:22,-72.94786,41.31407, 23.91,73.30000
9:55:23,-72.94783,41.31406, 23.91,73.13000
9:55:24,-72.9478,41.31405, 23.89,72.95000
9:55:25,-72.94776,41.31404, 23.85,72.85000
9:55:26,-72.94771,41.31403, 23.85,72.73000
9:55:29,-72.94761,41.31402, 23.79,72.70000
9:55:30,-72.94756,41.31401, 23.75,72.74000
9:55:32,-72.9475,41.31398, 23.74,72.78000
9:55:33,-72.94745,41.31397, 23.75,72.98000
9:55:34,-72.9474,41.31396, 23.75,73.05000
9:55:37,-72.94722,41.3139, 23.75,73.16000
9:55:39,-72.9471,41.31387, 23.79,73.40000
9:55:41,-72.94698,41.31384, 23.81,73.48000
9:55:42,-72.94693,41.31382, 23.79,73.48000
9:55:43,-72.94687,41.31381, 23.79,73.57000
9:55:44,-72.94682,41.31379, 23.82,73.63000
9:55:46,-72.94673,41.31377, 23.79,73.63000
9:55:47,-72.94668,41.31375, 23.88,73.81000
9:55:48,-72.94662,41.31374, 23.86,73.84000
9:55:49,-72.94658,41.31374, 23.91,73.89000
9:55:52,-72.94644,41.31371, 23.88,73.87000
9:55:53,-72.94641,41.31371, 23.85,73.82000
9:55:55,-72.94631,41.31371, 23.89,73.66000
9:55:56,-72.94627,41.3137, 23.82,73.42000
9:55:57,-72.94621,41.3137, 23.75,73.24000
9:55:58,-72.94615,41.31371, 23.68,73.17000
9:55:59,-72.9461,41.31372, 23.64,73.15000
9:56:00,-72.94605,41.31372, 23.58,73.18000
9:56:02,-72.94598,41.31371, 23.52,73.25000
9:56:03,-72.94594,41.3137, 23.48,73.41000
9:56:04,-72.94587,41.31369, 23.48,73.58000
9:56:06,-72.94576,41.31367, 23.49,73.69000
9:56:07,-72.94572,41.31365, 23.45,73.91000
9:56:09,-72.94562,41.31362, 23.45,73.94000
9:56:10,-72.94558,41.3136, 23.40,73.95000
9:56:12,-72.94546,41.31358, 23.41,74.00000
9:56:15,-72.94529,41.31354, 23.46,74.09000
9:56:16,-72.94525,41.31353, 23.68,74.61000
9:56:17,-72.94518,41.31352, 23.71,74.52000
9:56:18,-72.94515,41.3135, 23.75,74.47000
9:56:20,-72.94504,41.31346, 23.75,74.32000
9:56:21,-72.945,41.31347, 23.69,74.06000
9:56:22,-72.94496,41.31344, 23.71,73.93000
9:56:25,-72.94478,41.31339, 23.75,73.89000
9:56:26,-72.94473,41.31338, 23.88,73.85000
9:56:27,-72.94467,41.31337, 23.86,73.67000
9:56:28,-72.94461,41.31336, 23.86,73.58000
9:56:29,-72.94457,41.31335, 23.85,73.49000
9:56:31,-72.94448,41.31332, 23.85,73.45000
9:56:34,-72.94434,41.31329, 23.84,73.44000
9:56:35,-72.9443,41.31327, 23.79,73.43000
9:56:36,-72.94427,41.31325, 23.85,73.52000
9:56:40,-72.94407,41.31321, 23.85,73.56000
9:56:44,-72.94386,41.31317, 24.03,73.62000
9:56:45,-72.94382,41.31316, 24.09,73.08000
9:56:48,-72.94372,41.31313, 24.10,72.88000
9:56:49,-72.9437,41.31311, 24.06,72.76000
9:56:52,-72.9436,41.31307, 24.12,72.77000
9:56:53,-72.94357,41.31306, 24.13,72.76000
9:56:54,-72.94352,41.31303, 24.26,72.74000
9:56:57,-72.94335,41.31302, 24.32,72.66000
9:56:59,-72.94322,41.31295, 24.48,72.55000
9:57:00,-72.94315,41.31293, 24.46,72.21000
9:57:02,-72.94306,41.31292, 24.43,71.99000
9:57:04,-72.94299,41.31288, 24.28,71.61000
9:57:06,-72.9429,41.31287, 24.22,71.52000
9:57:08,-72.94279,41.31282, 24.09,71.56000
9:57:10,-72.94269,41.31278, 24.03,71.66000
9:57:14,-72.94244,41.31273, 24.06,71.89000
9:57:15,-72.94237,41.31271, 24.10,72.11000
9:57:17,-72.94223,41.31267, 24.03,71.95000
9:57:19,-72.94212,41.31263, 24.00,71.95000
9:57:20,-72.94209,41.31262, 23.95,72.00000
9:57:21,-72.94202,41.31262, 23.86,72.01000
9:57:23,-72.94189,41.31259, 23.88,72.08000
9:57:24,-72.94184,41.31259, 23.85,72.29000
9:57:26,-72.94174,41.31255, 23.82,72.39000
9:57:28,-72.9416,41.3125, 23.84,72.63000
9:57:30,-72.94146,41.31245, 23.88,72.80000
9:57:31,-72.9414,41.31244, 23.86,72.86000
9:57:32,-72.94134,41.31242, 23.84,72.88000
9:57:33,-72.94128,41.31241, 23.86,72.86000
9:57:34,-72.94122,41.31239, 23.89,72.87000
9:57:36,-72.94113,41.31237, 23.88,72.82000
9:57:37,-72.94109,41.31236, 23.88,72.77000
9:57:40,-72.94094,41.31233, 23.89,72.74000
9:57:41,-72.94087,41.31233, 23.95,72.80000
9:57:42,-72.94081,41.31233, 24.05,72.85000
9:57:43,-72.94075,41.31232, 24.13,72.89000
9:57:44,-72.94069,41.31231, 24.16,72.83000
9:57:45,-72.94064,41.3123, 24.15,72.75000
9:57:47,-72.94056,41.31225, 24.19,72.76000
9:57:49,-72.94045,41.31221, 24.19,72.80000
9:57:50,-72.94038,41.3122, 24.28,72.76000
9:57:51,-72.9403,41.31218, 24.36,72.68000
9:57:53,-72.9402,41.31216, 24.37,72.55000
9:57:56,-72.94004,41.31213, 24.33,72.39000
9:58:00,-72.93984,41.31206, 24.34,72.49000
9:58:01,-72.93979,41.31205, 24.36,72.62000
9:58:02,-72.93973,41.31203, 24.40,72.78000
9:58:03,-72.93969,41.31202, 24.37,72.76000
9:58:05,-72.9396,41.31199, 24.36,72.66000
9:58:08,-72.93945,41.31194, 24.30,72.50000
9:58:10,-72.93934,41.3119, 24.10,71.74000
9:58:11,-72.9393,41.3119, 24.09,71.67000
9:58:12,-72.93926,41.31188, 24.06,71.66000
9:58:14,-72.93916,41.31185, 24.06,71.68000
9:58:18,-72.93895,41.31182, 24.02,71.68000
9:58:20,-72.93887,41.31178, 23.89,71.79000
9:58:22,-72.93877,41.31174, 23.91,71.94000
9:58:26,-72.93855,41.31169, 23.99,72.17000
9:58:28,-72.9384,41.31166, 24.00,72.45000
9:58:29,-72.93832,41.31165, 24.24,72.40000
9:58:30,-72.93824,41.31162, 24.24,72.31000
9:58:32,-72.93809,41.31161, 24.28,72.23000
9:58:34,-72.93794,41.31159, 24.30,71.92000
9:58:36,-72.93781,41.31157, 24.28,71.69000
9:58:38,-72.9377,41.31154, 24.24,71.61000
9:58:40,-72.93754,41.31152, 24.23,71.62000
9:58:42,-72.93744,41.31149, 24.23,71.74000
9:58:44,-72.93732,41.31147, 24.32,71.81000
9:58:45,-72.93729,41.31145, 24.40,71.68000
9:58:47,-72.93717,41.31141, 24.39,71.54000
9:58:49,-72.93704,41.31139, 24.39,71.43000
9:58:50,-72.93698,41.31138, 24.28,71.16000
9:58:52,-72.93692,41.31136, 24.27,71.14000
9:58:53,-72.93688,41.31134, 24.22,71.10000
9:58:54,-72.93682,41.31134, 24.22,71.08000
9:58:57,-72.93667,41.31128, 24.19,71.04000
9:58:59,-72.93658,41.31125, 24.12,71.08000
9:59:00,-72.93653,41.31123, 24.13,71.20000
9:59:01,-72.93648,41.3112, 24.15,71.31000
9:59:03,-72.93634,41.31116, 24.16,71.42000
9:59:06,-72.93614,41.31113, 24.17,71.60000
9:59:08,-72.93604,41.3111, 24.17,71.65000
9:59:10,-72.93596,41.31109, 24.34,71.93000
9:59:11,-72.93589,41.31108, 24.39,72.03000
9:59:13,-72.93578,41.31105, 24.43,71.94000
9:59:16,-72.93562,41.31101, 24.40,71.91000
9:59:17,-72.93556,41.311, 24.39,71.70000
9:59:18,-72.93552,41.31099, 24.40,71.64000
9:59:19,-72.93548,41.31097, 24.43,71.65000
9:59:20,-72.93545,41.31094, 24.46,71.74000
9:59:23,-72.9353,41.3109, 24.39,71.84000
9:59:24,-72.93527,41.31089, 24.34,71.71000
9:59:25,-72.93524,41.31088, 24.30,71.52000
9:59:26,-72.93519,41.31085, 24.24,71.66000
9:59:28,-72.9351,41.31081, 24.23,71.66000
9:59:29,-72.93506,41.31078, 24.15,71.55000
9:59:31,-72.93497,41.31075, 24.16,71.54000
9:59:33,-72.93488,41.3107, 24.17,71.53000
9:59:34,-72.93485,41.31068, 24.32,71.68000
9:59:36,-72.93482,41.31068, 24.32,71.69000
9:59:37,-72.93482,41.31068, 24.37,71.67000
9:59:39,-72.93479,41.31068, 24.37,71.69000
9:59:40,-72.93478,41.31067, 24.47,71.75000
9:59:41,-72.93475,41.31066, 24.46,71.73000
9:59:42,-72.93473,41.31065, 24.48,71.73000
9:59:44,-72.93466,41.31063, 24.51,71.72000
9:59:46,-72.93456,41.31065, 24.54,71.61000
9:59:48,-72.93447,41.31072, 24.55,71.56000
9:59:50,-72.93443,41.3108, 24.57,71.04000
9:59:52,-72.93437,41.31087, 24.58,70.94000
9:59:53,-72.93432,41.31089, 24.57,70.86000
9:59:54,-72.93429,41.31092, 24.65,70.63000
9:59:56,-72.93423,41.31097, 24.63,70.57000
9:59:58,-72.9342,41.31099, 24.57,70.59000
10:00:00,-72.93415,41.31104, 24.40,70.41000
10:00:02,-72.9341,41.31111, 24.34,70.51000
10:00:04,-72.93406,41.31118, 24.33,70.71000
10:00:05,-72.93407,41.31123, 24.36,70.93000
10:00:06,-72.93404,41.31125, 24.34,71.00000
10:00:07,-72.934,41.31126, 24.36,71.06000
10:00:08,-72.93395,41.31129, 24.33,71.16000
10:00:09,-72.93392,41.31132, 24.33,71.23000
10:00:10,-72.93389,41.31135, 24.33,71.27000
10:00:11,-72.93385,41.31138, 24.33,71.34000
10:00:14,-72.93377,41.31149, 24.39,71.36000
10:00:15,-72.93374,41.31152, 24.33,71.43000
10:00:19,-72.93362,41.31163, 24.33,71.14000
10:00:20,-72.93359,41.31168, 24.30,70.73000
10:00:22,-72.93356,41.31173, 24.28,70.70000
10:00:24,-72.93349,41.31179, 24.34,70.68000
10:00:26,-72.93346,41.31183, 24.28,70.60000
10:00:29,-72.93342,41.31193, 24.23,70.55000
10:00:31,-72.93341,41.31194, 24.13,70.72000
10:00:32,-72.93339,41.31199, 24.12,70.92000
10:00:33,-72.9334,41.312, 24.09,71.01000
10:00:35,-72.93332,41.31204, 24.07,71.07000
10:00:37,-72.93327,41.31209, 24.07,71.29000
10:00:38,-72.93324,41.31211, 24.15,71.52000
10:00:40,-72.93321,41.31216, 24.17,71.51000
10:00:41,-72.93316,41.3122, 24.30,71.45000
10:00:42,-72.93314,41.31221, 24.33,71.39000
10:00:43,-72.93312,41.31223, 24.33,71.23000
10:00:44,-72.93309,41.31226, 24.40,71.05000
10:00:45,-72.93307,41.31226, 24.57,71.05000
10:00:46,-72.933,41.31226, 24.68,70.94000
10:00:49,-72.93299,41.31226, 24.75,70.76000
10:00:52,-72.9329,41.31222, 24.87,70.06000
10:00:53,-72.93283,41.31219, 24.84,69.48000
10:00:54,-72.9328,41.31215, 24.82,69.31000
10:00:55,-72.93276,41.31213, 24.79,69.25000
10:00:56,-72.93276,41.31213, 24.82,69.20000
10:00:58,-72.93271,41.31211, 24.87,69.28000
10:01:00,-72.93263,41.31209, 24.89,69.30000
10:01:03,-72.93251,41.31206, 24.98,69.27000
10:01:04,-72.93249,41.31206, 24.89,69.02000
10:01:05,-72.93246,41.31203, 24.87,68.94000
10:01:07,-72.93239,41.312, 24.79,68.94000
10:01:08,-72.93236,41.31199, 24.79,68.94000
10:01:09,-72.93234,41.31196, 24.84,69.34000
10:01:10,-72.93229,41.31193, 24.81,69.45000
10:01:11,-72.93226,41.31192, 24.84,69.47000
10:01:12,-72.93222,41.3119, 24.91,69.50000
10:01:13,-72.93215,41.31184, 24.94,69.54000
10:01:14,-72.93213,41.31184, 24.94,69.51000
10:01:16,-72.93207,41.31182, 24.84,69.44000
10:01:17,-72.93201,41.31182, 24.82,69.34000
10:01:18,-72.93199,41.31179, 24.74,69.36000
10:01:20,-72.93193,41.31172, 24.74,69.38000
10:01:23,-72.93188,41.31165, 24.70,69.36000
10:01:25,-72.93183,41.31161, 24.70,69.45000
10:01:26,-72.9318,41.31158, 24.71,69.50000
10:01:27,-72.93176,41.31155, 24.74,69.54000
10:01:28,-72.93174,41.31154, 24.79,69.65000
10:01:30,-72.9317,41.31149, 24.81,69.70000
10:01:32,-72.93165,41.31146, 24.74,69.67000
10:01:33,-72.93164,41.31144, 24.77,69.64000
10:01:35,-72.93159,41.31139, 24.74,69.57000
10:01:36,-72.93156,41.31137, 24.77,69.58000
10:01:36,-72.93152,41.31135, 24.82,69.62000
10:01:37,-72.93152,41.31135, 24.91,69.71000
10:01:40,-72.93125,41.31122, 24.94,69.50000
10:01:41,-72.93124,41.31123, 25.02,69.34000
10:01:42,-72.93117,41.31122, 24.95,69.05000
10:01:44,-72.93107,41.31115, 24.94,68.96000
10:01:46,-72.93102,41.31111, 24.93,68.91000
10:01:47,-72.931,41.31111, 24.94,68.98000
10:01:48,-72.93097,41.3111, 24.94,68.96000
10:01:49,-72.93096,41.3111, 24.94,69.01000
10:01:51,-72.93091,41.3111, 24.97,69.03000
10:01:52,-72.93087,41.31109, 24.97,69.11000
10:01:54,-72.9308,41.31105, 25.00,69.24000
10:01:56,-72.93076,41.31103, 25.02,69.33000
10:01:57,-72.93076,41.31103, 25.06,69.36000
10:01:58,-72.93076,41.31103, 25.06,69.37000
10:01:59,-72.93076,41.31103, 25.12,69.37000
10:02:00,-72.93076,41.31103, 25.09,69.34000
10:02:02,-72.93071,41.31099, 25.15,69.35000
10:02:04,-72.93069,41.31099, 25.19,69.38000
10:02:05,-72.93068,41.311, 25.24,69.34000
10:02:08,-72.93067,41.31101, 25.30,69.34000
10:02:09,-72.93065,41.311, 25.30,69.27000
10:02:10,-72.93064,41.31099, 25.35,69.07000
10:02:11,-72.93064,41.31099, 25.36,68.92000
10:02:12,-72.93064,41.31099, 25.37,68.79000
10:02:14,-72.93063,41.31098, 25.35,68.62000
10:02:15,-72.93061,41.31096, 25.36,68.51000
10:02:16,-72.93059,41.31094, 25.37,68.50000
10:02:17,-72.93056,41.31092, 25.40,68.46000
10:02:19,-72.9305,41.31087, 25.40,68.45000
10:02:20,-72.93047,41.31085, 25.46,68.36000
10:02:23,-72.93037,41.31078, 25.52,68.26000
10:02:25,-72.93028,41.31073, 25.55,68.09000
10:02:27,-72.93021,41.31069, 25.50,67.43000
10:02:29,-72.9301,41.31062, 25.47,67.23000
10:02:30,-72.93003,41.31059, 25.40,67.11000
10:02:32,-72.92997,41.31056, 25.42,67.11000
10:02:34,-72.92988,41.31051, 25.35,67.22000
10:02:35,-72.92984,41.3105, 25.33,67.51000
10:02:37,-72.92975,41.31045, 25.33,67.73000
10:02:38,-72.92971,41.31043, 25.29,67.90000
10:02:40,-72.92964,41.31042, 25.28,68.01000
10:02:42,-72.92953,41.31036, 25.28,68.13000
10:02:43,-72.92948,41.31034, 25.15,68.36000
10:02:44,-72.92943,41.31033, 25.09,68.43000
10:02:45,-72.92938,41.3103, 25.05,68.55000
10:02:46,-72.92933,41.31026, 25.01,68.63000
10:02:49,-72.92916,41.31018, 24.98,68.74000
10:02:50,-72.92912,41.31017, 24.93,68.80000
10:02:52,-72.92907,41.31017, 24.93,69.17000
10:02:53,-72.92905,41.31017, 24.93,69.34000
10:02:54,-72.92904,41.31018, 24.95,69.46000
10:02:55,-72.92901,41.31019, 24.97,69.57000
10:02:56,-72.929,41.31019, 24.98,69.66000
10:02:59,-72.92896,41.3102, 25.01,69.68000
10:03:00,-72.92895,41.3102, 25.02,69.73000
10:03:01,-72.92895,41.3102, 25.08,69.78000
10:03:02,-72.92893,41.3102, 25.06,69.77000
10:03:04,-72.92893,41.3102, 25.06,69.71000
10:03:05,-72.92893,41.3102, 25.08,69.72000
10:03:06,-72.92895,41.3102, 25.11,69.74000
10:03:08,-72.92895,41.3102, 25.15,69.74000
10:03:10,-72.92896,41.31019, 25.12,69.58000
10:03:11,-72.92896,41.31019, 25.15,69.34000
10:03:12,-72.92897,41.31019, 25.16,69.24000
10:03:14,-72.92897,41.31019, 25.15,69.16000
10:03:16,-72.92897,41.31019, 25.12,69.10000
10:03:17,-72.92895,41.31018, 25.18,69.00000
10:03:19,-72.92895,41.31018, 25.16,69.12000
10:03:20,-72.92895,41.31018, 25.21,69.14000
10:03:22,-72.92894,41.31019, 25.21,69.19000
10:03:24,-72.92894,41.31019, 25.21,69.26000
10:03:25,-72.92894,41.31019, 25.24,69.27000
10:03:27,-72.9289,41.31014, 25.24,69.21000
10:03:28,-72.92888,41.31012, 25.14,68.90000
10:03:29,-72.92888,41.31011, 25.08,68.79000
10:03:30,-72.92886,41.31008, 25.04,68.76000
10:03:31,-72.92884,41.31007, 25.00,68.73000
10:03:32,-72.92884,41.31007, 24.94,68.68000
10:03:33,-72.9288,41.31006, 24.93,68.60000
10:03:36,-72.92869,41.31003, 24.87,68.63000
10:03:37,-72.92866,41.31001, 24.78,68.65000
10:03:38,-72.92862,41.30999, 24.58,68.87000
10:03:39,-72.92858,41.30996, 24.48,69.03000
10:03:41,-72.92851,41.30991, 24.44,69.21000
10:03:42,-72.92846,41.30989, 24.34,69.56000
10:03:43,-72.92841,41.30986, 24.27,69.70000
10:03:45,-72.92832,41.30983, 24.22,69.86000
10:03:46,-72.92826,41.30981, 24.10,70.21000
10:03:48,-72.92816,41.30977, 24.03,70.29000
10:03:50,-72.92805,41.30975, 23.93,70.66000
10:03:51,-72.928,41.30971, 23.86,71.01000
10:03:52,-72.92795,41.30969, 23.79,71.14000
10:03:53,-72.9279,41.30967, 23.76,71.29000
10:03:54,-72.92785,41.30965, 23.79,71.41000
10:03:55,-72.9278,41.30963, 23.79,71.51000
10:03:56,-72.92775,41.30961, 23.75,71.60000
10:03:57,-72.9277,41.30959, 23.76,71.60000
10:03:58,-72.92765,41.30957, 23.74,71.68000
10:04:00,-72.92754,41.30953, 23.69,71.72000
10:04:01,-72.92748,41.3095, 23.72,71.87000
10:04:03,-72.92737,41.30945, 23.75,71.93000
10:04:04,-72.92733,41.30941, 23.78,71.98000
10:04:05,-72.92728,41.30937, 23.78,72.04000
10:04:07,-72.92717,41.30932, 23.82,72.05000
10:04:08,-72.92709,41.30931, 23.85,71.99000
10:04:10,-72.92697,41.30926, 23.88,71.98000
10:04:11,-72.92692,41.30923, 23.91,71.95000
10:04:12,-72.92687,41.30919, 23.92,71.93000
10:04:13,-72.9268,41.30916, 23.92,71.93000
10:04:15,-72.92667,41.30911, 23.95,71.94000
10:04:16,-72.92662,41.30909, 23.99,71.91000
10:04:18,-72.9265,41.30904, 24.05,71.85000
10:04:19,-72.92646,41.309, 24.15,71.76000
10:04:20,-72.9264,41.30898, 24.19,71.70000
10:04:21,-72.92633,41.30896, 24.19,71.60000
10:04:23,-72.92621,41.30889, 24.22,71.52000
10:04:25,-72.92604,41.30883, 24.27,71.42000
10:04:27,-72.92593,41.30878, 24.30,71.16000
10:04:29,-72.92583,41.30873, 24.32,71.07000
10:04:30,-72.92577,41.3087, 24.22,70.91000
10:04:31,-72.9257,41.30867, 24.22,70.97000
10:04:33,-72.92554,41.30861, 24.32,71.12000
10:04:34,-72.92544,41.30859, 24.64,71.19000
10:04:36,-72.92531,41.30855, 24.70,71.00000
10:04:40,-72.92511,41.30846, 24.73,70.40000
10:04:41,-72.92507,41.30844, 24.75,69.47000
10:04:42,-72.92503,41.30843, 24.70,69.27000
10:04:44,-72.92495,41.3084, 24.64,69.14000
10:04:45,-72.92493,41.30838, 24.60,69.05000
10:04:48,-72.92478,41.30832, 24.58,69.02000
10:04:51,-72.92466,41.30826, 24.57,69.07000
10:04:53,-72.92461,41.30826, 24.32,69.21000
10:04:54,-72.9246,41.30825, 24.26,69.49000
10:04:55,-72.9246,41.30825, 24.26,69.72000
10:04:56,-72.9246,41.30825, 24.27,69.77000
10:04:59,-72.92459,41.30826, 24.28,69.88000
10:05:00,-72.92457,41.30826, 24.28,69.96000
10:05:02,-72.92454,41.30825, 24.32,70.04000
10:05:03,-72.92452,41.30825, 24.30,70.04000
10:05:04,-72.92452,41.30825, 24.32,70.02000
10:05:05,-72.92451,41.30824, 24.30,70.03000
10:05:06,-72.92449,41.30824, 24.33,70.00000
10:05:08,-72.92446,41.30823, 24.33,69.99000
10:05:09,-72.92442,41.30821, 24.33,70.00000
10:05:10,-72.92439,41.30821, 24.36,70.01000
10:05:11,-72.92437,41.30821, 24.32,70.00000
10:05:12,-72.92435,41.30821, 24.32,70.01000
10:05:14,-72.92433,41.30821, 24.34,70.00000
10:05:17,-72.92427,41.30822, 24.34,70.02000
10:05:18,-72.92427,41.3082, 24.36,70.01000
10:05:19,-72.92427,41.3082, 24.37,70.03000
10:05:21,-72.92427,41.3082, 24.36,70.06000
10:05:22,-72.92428,41.3082, 24.33,70.05000
10:05:24,-72.92428,41.30821, 24.34,70.05000
10:05:26,-72.92429,41.30821, 24.39,70.01000
10:05:27,-72.92429,41.30821, 24.37,70.01000
10:05:29,-72.9243,41.30822, 24.37,70.03000
10:05:30,-72.9243,41.30822, 24.36,70.07000
10:05:31,-72.92431,41.30823, 24.34,70.09000
10:05:33,-72.92432,41.30821, 24.36,70.09000
10:05:34,-72.92431,41.30821, 24.34,70.16000
10:05:35,-72.9243,41.30819, 24.33,70.12000
10:05:36,-72.9243,41.30819, 24.32,70.10000
10:05:37,-72.92429,41.30819, 24.33,70.05000
10:05:38,-72.92428,41.30817, 24.34,70.07000
10:05:39,-72.92427,41.30816, 24.34,70.04000
10:05:42,-72.92421,41.30812, 24.40,70.09000
10:05:44,-72.92416,41.3081, 24.40,70.11000
10:05:45,-72.92416,41.3081, 24.28,70.02000
10:05:47,-72.92416,41.3081, 24.16,70.18000
10:05:48,-72.92416,41.3081, 24.16,70.42000
10:05:49,-72.92416,41.3081, 24.17,70.49000
10:05:51,-72.92418,41.3081, 24.20,70.57000
10:05:52,-72.92418,41.3081, 24.22,70.65000
10:05:53,-72.92418,41.3081, 24.22,70.60000
10:05:54,-72.92419,41.30808, 24.24,70.64000
10:05:56,-72.92417,41.30808, 24.22,70.59000
10:05:58,-72.92416,41.30807, 24.24,70.58000
10:05:59,-72.92414,41.30806, 24.30,70.53000
10:06:01,-72.92413,41.30806, 24.26,70.49000
10:06:03,-72.92412,41.30807, 24.27,70.44000
10:06:04,-72.92412,41.30807, 24.27,70.38000
10:06:05,-72.92412,41.30807, 24.30,70.38000
10:06:06,-72.92411,41.30807, 24.32,70.33000
10:06:07,-72.92411,41.30807, 24.30,70.35000
10:06:09,-72.9241,41.30806, 24.32,70.32000
10:06:11,-72.9241,41.30806, 24.33,70.27000
10:06:12,-72.9241,41.30807, 24.34,70.26000
10:06:14,-72.92411,41.30805, 24.33,70.23000
10:06:15,-72.92411,41.30805, 24.34,70.25000
10:06:16,-72.92411,41.30805, 24.37,70.20000
10:06:17,-72.92409,41.30807, 24.36,70.21000
10:06:18,-72.92408,41.30805, 24.37,70.18000
10:06:19,-72.92406,41.30806, 24.39,70.19000
10:06:20,-72.92406,41.30806, 24.37,70.16000
10:06:23,-72.92405,41.30804, 24.39,70.14000
10:06:24,-72.92405,41.30804, 24.37,70.20000
10:06:26,-72.92401,41.30804, 24.40,70.19000
10:06:28,-72.924,41.30805, 24.39,70.21000
10:06:31,-72.92397,41.30812, 24.36,70.20000
10:06:32,-72.92397,41.30813, 24.15,70.24000
10:06:33,-72.92397,41.30814, 24.15,70.37000
10:06:34,-72.92396,41.30816, 24.07,70.46000
10:06:36,-72.92395,41.30819, 24.06,70.61000
10:06:37,-72.92394,41.3082, 24.02,70.82000
10:06:38,-72.92394,41.30822, 24.00,70.93000
10:06:41,-72.92394,41.30824, 24.00,71.01000
10:06:43,-72.92394,41.30825, 23.99,71.07000
10:06:44,-72.92393,41.30827, 24.00,71.31000
10:06:46,-72.92395,41.30833, 24.05,71.34000
10:06:47,-72.92396,41.30836, 24.19,71.40000
10:06:49,-72.92393,41.30844, 24.19,71.35000
10:06:50,-72.92391,41.30845, 24.24,71.12000
10:06:51,-72.92387,41.30848, 24.23,71.00000
10:06:52,-72.92382,41.30852, 24.23,70.96000
10:06:54,-72.92382,41.30859, 24.17,70.93000
10:06:55,-72.92379,41.30861, 24.16,70.90000
10:06:56,-72.92378,41.30862, 24.22,70.90000
10:06:58,-72.92376,41.30868, 24.26,70.99000
10:06:59,-72.92373,41.30872, 24.32,70.93000
10:07:01,-72.92363,41.30879, 24.37,70.89000
10:07:03,-72.92362,41.30884, 24.40,70.84000
10:07:05,-72.92356,41.3089, 24.36,70.75000
10:07:06,-72.92358,41.30894, 24.36,70.64000
10:07:07,-72.9236,41.30898, 24.39,70.61000
10:07:08,-72.92358,41.30902, 24.39,70.60000
10:07:10,-72.92355,41.30905, 24.42,70.60000
10:07:12,-72.9235,41.30912, 24.47,70.53000
10:07:13,-72.92344,41.30915, 24.48,70.49000
10:07:14,-72.92344,41.30915, 24.42,70.33000
10:07:16,-72.92344,41.30915, 24.40,70.37000
10:07:17,-72.92342,41.30917, 24.33,70.37000
10:07:18,-72.92342,41.30917, 24.30,70.43000
10:07:19,-72.92342,41.3092, 24.28,70.46000
10:07:21,-72.92342,41.3092, 24.23,70.52000
10:07:22,-72.9234,41.30921, 24.19,70.62000
10:07:23,-72.9234,41.30921, 24.13,70.72000
10:07:25,-72.92337,41.30924, 24.13,70.79000
10:07:26,-72.92336,41.30926, 24.12,71.00000
10:07:28,-72.92331,41.3093, 24.12,71.11000
10:07:29,-72.92321,41.3093, 24.10,71.19000
10:07:30,-72.92318,41.30931, 24.13,71.27000
10:07:33,-72.92311,41.30937, 24.09,71.31000
10:07:35,-72.92309,41.30944, 24.10,71.34000
10:07:36,-72.92308,41.30947, 24.06,71.51000
10:07:37,-72.92308,41.30949, 24.09,71.50000
10:07:38,-72.92306,41.30951, 24.05,71.57000
10:07:39,-72.92305,41.30954, 24.00,71.57000
10:07:40,-72.92306,41.30956, 23.97,71.54000
10:07:41,-72.92305,41.30962, 23.95,71.60000
10:07:42,-72.92303,41.30964, 23.93,71.60000
10:07:43,-72.92301,41.30967, 23.91,71.65000
10:07:44,-72.92296,41.30971, 23.86,71.64000
10:07:45,-72.92292,41.30974, 23.86,71.71000
10:07:47,-72.92288,41.30979, 23.88,71.73000
10:07:49,-72.92284,41.30988, 23.79,71.70000
10:07:50,-72.92281,41.30991, 23.72,71.78000
10:07:51,-72.92281,41.30993, 23.72,71.85000
10:07:53,-72.92276,41.30999, 23.71,71.90000
10:07:54,-72.92273,41.31003, 23.72,72.04000
10:07:55,-72.92269,41.31006, 23.71,72.14000
10:07:56,-72.92264,41.31009, 23.72,72.16000
10:07:58,-72.92257,41.31014, 23.71,72.22000
10:07:59,-72.92254,41.31016, 23.69,72.25000
10:08:00,-72.92253,41.31016, 23.72,72.31000
10:08:02,-72.92251,41.31017, 23.72,72.33000
10:08:04,-72.9225,41.31018, 23.75,72.32000
10:08:05,-72.9225,41.31018, 23.81,72.32000
10:08:06,-72.92249,41.31019, 23.81,72.26000
10:08:07,-72.92249,41.31019, 23.84,72.21000
10:08:08,-72.92249,41.31019, 23.86,72.13000
10:08:09,-72.92247,41.3102, 23.85,72.08000
10:08:11,-72.92247,41.31021, 23.85,72.05000
10:08:14,-72.92247,41.31021, 23.86,71.99000
10:08:16,-72.92247,41.31023, 23.88,71.93000
10:08:16,-72.92247,41.31023, 23.89,71.90000
10:08:17,-72.92247,41.31023, 23.93,71.91000
10:08:19,-72.92246,41.31022, 23.92,71.85000
10:08:20,-72.92247,41.31023, 23.92,71.82000
10:08:21,-72.92247,41.31023, 23.97,71.77000
10:08:22,-72.92246,41.31025, 23.96,71.72000
10:08:25,-72.92242,41.31029, 23.97,71.72000
10:08:26,-72.9224,41.31029, 24.00,71.70000
10:08:30,-72.92239,41.3104, 24.05,71.65000
10:08:31,-72.92239,41.31041, 24.10,71.62000
10:08:33,-72.92238,41.31045, 24.30,71.41000
10:08:36,-72.92231,41.31055, 24.30,71.29000
10:08:37,-72.92229,41.31058, 24.27,71.18000
10:08:38,-72.92227,41.31061, 24.32,71.15000
10:08:39,-72.92226,41.31064, 24.37,71.13000
10:08:42,-72.92226,41.31074, 24.42,71.13000
10:08:44,-72.92222,41.31083, 24.42,71.02000
10:08:46,-72.9222,41.31091, 24.43,70.93000
10:08:47,-72.92219,41.31096, 24.32,70.64000
10:08:49,-72.92217,41.31099, 24.30,70.63000
10:08:50,-72.92216,41.31101, 24.27,70.71000
10:08:51,-72.92216,41.31104, 24.24,70.76000
10:08:55,-72.92213,41.31117, 24.24,70.82000
10:08:56,-72.92213,41.31121, 24.28,70.91000
10:08:58,-72.92214,41.31131, 24.24,70.91000
10:08:59,-72.92213,41.31134, 24.24,70.94000
10:09:00,-72.92211,41.31138, 24.24,71.00000
10:09:01,-72.92208,41.31141, 24.23,71.04000
10:09:03,-72.92203,41.31152, 24.22,71.02000
10:09:04,-72.92203,41.31157, 24.19,71.10000
10:09:05,-72.92202,41.31162, 24.17,71.13000
10:09:07,-72.92201,41.31169, 24.15,71.18000
10:09:08,-72.922,41.31173, 24.15,71.37000
10:09:10,-72.92198,41.31182, 24.19,71.41000
10:09:12,-72.92198,41.3119, 24.23,71.50000
10:09:14,-72.92197,41.31197, 24.27,71.52000
10:09:15,-72.92196,41.31201, 24.22,71.36000
10:09:17,-72.92189,41.31211, 24.17,71.29000
10:09:18,-72.92185,41.31215, 24.06,71.28000
10:09:19,-72.92184,41.31218, 24.03,71.31000
10:09:20,-72.92182,41.31221, 23.97,71.39000
10:09:21,-72.92181,41.31225, 23.95,71.46000
10:09:24,-72.92185,41.31239, 23.89,71.53000
10:09:26,-72.92178,41.31248, 23.91,71.66000
10:09:29,-72.92171,41.31264, 23.91,71.99000
10:09:31,-72.92168,41.31276, 23.95,72.18000
10:09:34,-72.92163,41.31284, 24.07,72.25000
10:09:35,-72.92163,41.31287, 24.20,72.36000
10:09:36,-72.92162,41.31291, 24.22,72.08000
10:09:37,-72.92161,41.31297, 24.20,72.08000
10:09:39,-72.9216,41.31302, 24.16,72.06000
10:09:40,-72.92161,41.31304, 24.13,72.09000
10:09:42,-72.92159,41.3131, 24.10,72.21000
10:09:43,-72.92158,41.31313, 24.09,72.30000
10:09:45,-72.92155,41.31318, 24.07,72.41000
10:09:46,-72.92154,41.31323, 23.99,72.45000
10:09:47,-72.92154,41.31328, 23.96,72.42000
10:09:48,-72.92153,41.31332, 23.97,72.48000
10:09:50,-72.9215,41.3134, 23.97,72.54000
10:09:53,-72.92146,41.31353, 24.00,72.62000
10:09:54,-72.92146,41.31357, 24.07,72.63000
10:09:55,-72.92146,41.31362, 24.10,72.55000
10:09:56,-72.92145,41.31367, 24.10,72.50000
10:09:58,-72.92145,41.31375, 24.09,72.47000
10:10:01,-72.92139,41.31388, 24.13,72.42000
10:10:02,-72.92136,41.3139, 24.12,72.62000
10:10:03,-72.92132,41.31393, 24.16,72.94000
10:10:05,-72.92128,41.31402, 24.19,73.19000
10:10:06,-72.92124,41.31406, 24.17,73.28000
10:10:07,-72.92121,41.31411, 24.17,73.26000
10:10:10,-72.92114,41.31423, 24.16,73.16000
10:10:12,-72.9211,41.31429, 24.24,73.37000
10:10:13,-72.92108,41.31431, 24.24,73.23000
10:10:15,-72.92106,41.31434, 24.19,73.22000
10:10:17,-72.92104,41.31441, 24.15,73.21000
10:10:19,-72.92101,41.31446, 24.09,73.07000
10:10:20,-72.92098,41.31453, 24.15,72.84000
10:10:21,-72.92099,41.31458, 24.17,72.88000
10:10:23,-72.92094,41.31467, 24.16,72.88000
10:10:26,-72.92088,41.31479, 24.17,72.80000
10:10:27,-72.92086,41.31483, 24.17,72.76000
10:10:28,-72.92085,41.31487, 24.16,72.48000
10:10:30,-72.92081,41.31492, 24.12,72.22000
10:10:31,-72.92079,41.31495, 24.06,71.98000
10:10:33,-72.92072,41.31502, 24.07,71.91000
10:10:36,-72.92066,41.31511, 23.99,71.89000
10:10:37,-72.92064,41.31513, 23.96,71.86000
10:10:38,-72.92062,41.31516, 23.95,71.84000
10:10:40,-72.92058,41.3152, 23.99,71.95000
10:10:41,-72.92054,41.31522, 24.02,72.10000
10:10:42,-72.92053,41.31527, 24.05,72.18000
10:10:43,-72.92049,41.31532, 24.07,72.22000
10:10:44,-72.92045,41.31536, 24.09,72.32000
10:10:45,-72.92043,41.31541, 24.09,72.40000
10:10:46,-72.92041,41.31544, 24.07,72.37000
10:10:47,-72.92039,41.31546, 24.03,72.33000
10:10:48,-72.92038,41.31549, 24.03,72.18000
10:10:49,-72.92035,41.31553, 24.00,72.11000
10:10:50,-72.92028,41.31558, 23.99,72.15000
10:10:52,-72.92022,41.31567, 24.02,72.17000
10:10:54,-72.92022,41.31575, 24.20,72.26000
10:10:55,-72.92021,41.31581, 24.19,72.21000
10:10:57,-72.92017,41.31592, 24.22,72.09000
10:10:58,-72.92016,41.31596, 24.20,71.88000
10:11:00,-72.92014,41.31605, 24.28,71.89000
10:11:01,-72.92013,41.31608, 24.39,72.12000
10:11:02,-72.92012,41.31613, 24.39,72.17000
10:11:04,-72.92009,41.31618, 24.42,72.09000
10:11:06,-72.92008,41.31626, 24.46,71.95000
10:11:07,-72.92007,41.31628, 24.40,71.67000
10:11:09,-72.92006,41.31636, 24.37,71.60000
10:11:10,-72.92005,41.31641, 24.37,71.58000
10:11:12,-72.92003,41.3165, 24.36,71.57000
10:11:13,-72.92002,41.31655, 24.28,71.69000
10:11:15,-72.91999,41.31661, 24.26,71.78000
10:11:16,-72.91999,41.31665, 24.20,71.93000
10:11:17,-72.91997,41.31669, 24.23,71.97000
10:11:18,-72.91995,41.31672, 24.23,71.98000
10:11:19,-72.91993,41.31675, 24.22,71.93000
10:11:20,-72.9199,41.31677, 24.22,71.90000
10:11:23,-72.91985,41.31684, 24.22,71.93000
10:11:24,-72.91985,41.31686, 24.23,71.74000
10:11:25,-72.91982,41.31688, 24.23,71.75000
10:11:29,-72.91977,41.31701, 24.20,71.75000
10:11:30,-72.91976,41.31703, 24.15,71.75000
10:11:32,-72.91979,41.31707, 24.15,71.81000
10:11:34,-72.91977,41.3171, 24.17,72.05000
10:11:35,-72.91976,41.31712, 24.15,72.25000
10:11:36,-72.91976,41.31714, 24.12,72.27000
10:11:38,-72.91975,41.31719, 24.12,72.28000
10:11:40,-72.91973,41.31722, 24.12,72.22000
10:11:43,-72.91972,41.31723, 24.09,72.16000
10:11:44,-72.9197,41.31723, 24.05,71.82000
10:11:45,-72.9197,41.31723, 24.05,71.73000
10:11:47,-72.91969,41.31724, 24.06,71.74000
10:11:48,-72.91969,41.31726, 24.03,71.69000
10:11:50,-72.91968,41.31729, 24.03,71.69000
10:11:51,-72.91968,41.31729, 24.06,71.68000
10:11:53,-72.91969,41.31732, 24.03,71.62000
